id_brana,tabela_id,codigo,nome_atual,nome_proposto,nome_sql,nome_csv,caracteres_corrompidos,transformacao_aplicada,nroproctab,codconv,especialidade,preco,evidencias_auxiliares,nivel_confianca,acao,justificativa,estado
40557,18,6000,Alveoloplastia ou alveolotomia - (at 3 elementos),Alveoloplastia ou alveolotomia - (até 3 elementos),Alveoloplastia ou alveolotomia - (até 3 elementos),Alveoloplastia ou alveolotomia - (até 3 elementos),,Alveoloplastia ou alveolotomia - (até 3 elementos),1,6000,,,aproximacao_textual,ALTA,CORRIGIR_NOME,corrupcao textual explicita com nome canonico unico confirmado por SQL e CSV,JA_CORRIGIDO
40568,18,6110,CorreÆo de bridas musculares,Correção de bridas musculares,Correção de bridas musculares,Correção de bridas musculares,,Correção de bridas musculares,12,6110,,,aproximacao_textual,ALTA,CORRIGIR_NOME,corrupcao textual explicita com nome canonico unico confirmado por SQL e CSV,JA_CORRIGIDO
40571,18,6140,ExcisÆo de glndula par¢tida,Excisão de glândula parótida,Excisão de glândula parótida,Excisão de glândula parótida,,Excisão de glândula parótida,15,6140,,,aproximacao_textual,ALTA,CORRIGIR_NOME,corrupcao textual explicita com nome canonico unico confirmado por SQL e CSV,JA_CORRIGIDO
40572,18,6150,ExcisÆo de glndula sublingual,Excisão de glândula sublingual,Excisão de glândula sublingual,Excisão de glândula sublingual,,Excisão de glândula sublingual,16,6150,,,aproximacao_textual,ALTA,CORRIGIR_NOME,corrupcao textual explicita com nome canonico unico confirmado por SQL e CSV,JA_CORRIGIDO
40573,18,6160,ExcisÆo de glndula submandibular,Excisão de glândula submandibular,Excisão de glândula submandibular,Excisão de glândula submandibular,,Excisão de glândula submandibular,17,6160,,,aproximacao_textual,ALTA,CORRIGIR_NOME,corrupcao textual explicita com nome canonico unico confirmado por SQL e CSV,JA_CORRIGIDO
40575,18,6180,ExcisÆo de rnula,Excisão de rânula,Excisão de rânula,Excisão de rânula,,Excisão de rânula,19,6180,,,aproximacao_textual,ALTA,CORRIGIR_NOME,corrupcao textual explicita com nome canonico unico confirmado por SQL e CSV,JA_CORRIGIDO
40576,18,6190,ExcisÆo de tumores odontognicos at 3 cm,Excisão de tumores odontogênicos até 3 cm,Excisão de tumores odontogênicos até 3 cm,Excisão de tumores odontogênicos até 3 cm,,Excisão de tumores odontogênicos até 3 cm,20,6190,,,aproximacao_textual,ALTA,CORRIGIR_NOME,corrupcao textual explicita com nome canonico unico confirmado por SQL e CSV,JA_CORRIGIDO
40586,18,6290,Fraturas alvdio-dent rias - reduÆo cruenta,Fraturas alvédio-dentárias - redução cruenta,Fraturas alvédio-dentárias - redução cruenta,Fraturas alvédio-dentárias - redução cruenta, ,Fraturas alvédio-dentárias - redução cruenta,30,6290,,,aproximacao_textual,ALTA,CORRIGIR_NOME,corrupcao textual explicita com nome canonico unico confirmado por SQL e CSV,JA_CORRIGIDO
40587,18,6300,MarzupializaÆo de cisto,Marzupialização de cisto,Marzupialização de cisto,Marzupialização de cisto,,Marzupialização de cisto,31,6300,,,aproximacao_textual,ALTA,CORRIGIR_NOME,corrupcao textual explicita com nome canonico unico confirmado por SQL e CSV,JA_CORRIGIDO
40588,18,6310,ReconstruÆo parcial do l bio traumatizado,Reconstrução parcial do lábio traumatizado,Reconstrução parcial do lábio traumatizado,Reconstrução parcial do lábio traumatizado,,Reconstrução parcial do lábio traumatizado,32,6310,,,aproximacao_textual,ALTA,CORRIGIR_NOME,corrupcao textual explicita com nome canonico unico confirmado por SQL e CSV,JA_CORRIGIDO
40589,18,6320,ReconstruÆo total do l bio traumatizado,Reconstrução total do lábio traumatizado,Reconstrução total do lábio traumatizado,Reconstrução total do lábio traumatizado,,Reconstrução total do lábio traumatizado,33,6320,,,aproximacao_textual,ALTA,CORRIGIR_NOME,corrupcao textual explicita com nome canonico unico confirmado por SQL e CSV,JA_CORRIGIDO
40595,18,5000,AdequaÆo de meio bucal,Adequação de meio bucal,Adequação de meio bucal,Adequação de meio bucal,,Adequação de meio bucal,39,5000,,,aproximacao_textual,ALTA,CORRIGIR_NOME,corrupcao textual explicita com nome canonico unico confirmado por SQL e CSV,JA_CORRIGIDO
40601,18,5060,DessensibilizaÆo dent ria - (por elemento),Dessensibilização dentária - (por elemento),Dessensibilização dentária - (por elemento),Dessensibilização dentária - (por elemento),,Dessensibilização dentária - (por elemento),45,5060,,,aproximacao_textual,ALTA,CORRIGIR_NOME,corrupcao textual explicita com nome canonico unico confirmado por SQL e CSV,JA_CORRIGIDO
40603,18,5080,ImobilizaÆo dent ria com resina fotopolimeriz vel,Imobilização dentária com resina fotopolimerizável,Imobilização dentária com resina fotopolimerizável,Imobilização dentária com resina fotopolimerizável,,Imobilização dentária com resina fotopolimerizável,47,5080,,,aproximacao_textual,ALTA,CORRIGIR_NOME,corrupcao textual explicita com nome canonico unico confirmado por SQL e CSV,JA_CORRIGIDO
40604,18,5090,ImobilizaÆo dent ria (esplintagem),Imobilização dentária (esplintagem),Imobilização dentária (esplintagem),Imobilização dentária (esplintagem),,Imobilização dentária (esplintagem),48,5090,,,aproximacao_textual,ALTA,CORRIGIR_NOME,corrupcao textual explicita com nome canonico unico confirmado por SQL e CSV,JA_CORRIGIDO
40606,18,5100,N£cleo de preenchimento em ionmetro de vidro,Núcleo de preenchimento em ionômetro de vidro,Núcleo de preenchimento em ionômetro de vidro,Núcleo de preenchimento em ionômetro de vidro,,Núcleo de preenchimento em ionômetro de vidro,50,5100,,,aproximacao_textual,ALTA,CORRIGIR_NOME,corrupcao textual explicita com nome canonico unico confirmado por SQL e CSV,JA_CORRIGIDO
40609,18,5130,N£cleo met lico pr-fabricado,Núcleo metálico pré-fabricado,Núcleo metálico pré-fabricado,Núcleo metálico pré-fabricado,,Núcleo metálico pré-fabricado,53,5130,,,aproximacao_textual,ALTA,CORRIGIR_NOME,corrupcao textual explicita com nome canonico unico confirmado por SQL e CSV,JA_CORRIGIDO
40612,18,5160,ReconstruÆo em Resina Direta - (+ de 3 Faces),Reconstrução em Resina Direta - (+ de 3 Faces),Reconstrução em Resina Direta - (+ de 3 Faces),Reconstrução em Resina Direta - (+ de 3 Faces),,Reconstrução em Resina Direta - (+ de 3 Faces),56,5160,,,aproximacao_textual,ALTA,CORRIGIR_NOME,corrupcao textual explicita com nome canonico unico confirmado por SQL e CSV,JA_CORRIGIDO
40613,18,5170,RestauraÆo de Am lgama - 1 face,Restauração de Amálgama - 1 face,Restauração de Amálgama - 1 face,Restauração de Amálgama - 1 face,,Restauração de Amálgama - 1 face,57,5170,,,aproximacao_textual,ALTA,CORRIGIR_NOME,corrupcao textual explicita com nome canonico unico confirmado por SQL e CSV,JA_CORRIGIDO
40614,18,5180,RestauraÆo de Am lgama - 2 faces,Restauração de Amálgama - 2 faces,Restauração de Amálgama - 2 faces,Restauração de Amálgama - 2 faces,,Restauração de Amálgama - 2 faces,58,5180,,,aproximacao_textual,ALTA,CORRIGIR_NOME,corrupcao textual explicita com nome canonico unico confirmado por SQL e CSV,JA_CORRIGIDO
40615,18,5190,RestauraÆo de Am lgama - 3 faces,Restauração de Amálgama - 3 faces,Restauração de Amálgama - 3 faces,Restauração de Amálgama - 3 faces,,Restauração de Amálgama - 3 faces,59,5190,,,aproximacao_textual,ALTA,CORRIGIR_NOME,corrupcao textual explicita com nome canonico unico confirmado por SQL e CSV,JA_CORRIGIDO
40617,18,5210,RestauraÆo em Resina Direta - (1 Face),Restauração em Resina Direta - (1 Face),Restauração em Resina Direta - (1 Face),Restauração em Resina Direta - (1 Face),,Restauração em Resina Direta - (1 Face),61,5210,,,aproximacao_textual,ALTA,CORRIGIR_NOME,corrupcao textual explicita com nome canonico unico confirmado por SQL e CSV,JA_CORRIGIDO
40618,18,5220,RestauraÆo em Resina Direta - (2 Faces),Restauração em Resina Direta - (2 Faces),Restauração em Resina Direta - (2 Faces),Restauração em Resina Direta - (2 Faces),,Restauração em Resina Direta - (2 Faces),62,5220,,,aproximacao_textual,ALTA,CORRIGIR_NOME,corrupcao textual explicita com nome canonico unico confirmado por SQL e CSV,JA_CORRIGIDO
40619,18,5230,RestauraÆo em Resina Direta - (3 Faces),Restauração em Resina Direta - (3 Faces),Restauração em Resina Direta - (3 Faces),Restauração em Resina Direta - (3 Faces),,Restauração em Resina Direta - (3 Faces),63,5230,,,aproximacao_textual,ALTA,CORRIGIR_NOME,corrupcao textual explicita com nome canonico unico confirmado por SQL e CSV,JA_CORRIGIDO
40620,18,5240,RestauraÆo em Resina Direta - (Classe IV),Restauração em Resina Direta - (Classe IV),Restauração em Resina Direta - (Classe IV),Restauração em Resina Direta - (Classe IV),,Restauração em Resina Direta - (Classe IV),64,5240,,,aproximacao_textual,ALTA,CORRIGIR_NOME,corrupcao textual explicita com nome canonico unico confirmado por SQL e CSV,JA_CORRIGIDO
40621,18,5250,RestauraÆo em Resina Direta - (Classe V),Restauração em Resina Direta - (Classe V),Restauração em Resina Direta - (Classe V),Restauração em Resina Direta - (Classe V),,Restauração em Resina Direta - (Classe V),65,5250,,,aproximacao_textual,ALTA,CORRIGIR_NOME,corrupcao textual explicita com nome canonico unico confirmado por SQL e CSV,JA_CORRIGIDO
40622,18,5260,RestauraÆo tempor ria (IRM ou similar),Restauração temporária (IRM ou similar),Restauração temporária (IRM ou similar),Restauração temporária (IRM ou similar),,Restauração temporária (IRM ou similar),66,5260,,,aproximacao_textual,ALTA,CORRIGIR_NOME,corrupcao textual explicita com nome canonico unico confirmado por SQL e CSV,JA_CORRIGIDO
40625,18,4010,Apicectomia em Incisivos com obturaÆo retr¢grada,Apicectomia em Incisivos com obturação retrógrada,Apicectomia em Incisivos com obturação retrógrada,Apicectomia em Incisivos com obturação retrógrada,,Apicectomia em Incisivos com obturação retrógrada,69,4010,,,aproximacao_textual,ALTA,CORRIGIR_NOME,corrupcao textual explicita com nome canonico unico confirmado por SQL e CSV,JA_CORRIGIDO
40628,18,4040,Apicectomia em Molares com obturaÆo retr¢grada,Apicectomia em Molares com obturação retrógrada,Apicectomia em Molares com obturação retrógrada,Apicectomia em Molares com obturação retrógrada,,Apicectomia em Molares com obturação retrógrada,72,4040,,,aproximacao_textual,ALTA,CORRIGIR_NOME,corrupcao textual explicita com nome canonico unico confirmado por SQL e CSV,JA_CORRIGIDO
40630,18,4060,Apicectomia em Pr-molares com enxerto leofilizado,Apicectomia em Pré-molares com enxerto leofilizado,Apicectomia em Pré-molares com enxerto leofilizado,Apicectomia em Pré-molares com enxerto leofilizado,,Apicectomia em Pré-molares com enxerto leofilizado,74,4060,,,aproximacao_textual,ALTA,CORRIGIR_NOME,corrupcao textual explicita com nome canonico unico confirmado por SQL e CSV,JA_CORRIGIDO
40631,18,4070,Apicectomia em Pr-molares com obturaÆo retr¢grada,Apicectomia em Pré-molares com obturação retrógrada,Apicectomia em Pré-molares com obturação retrógrada,Apicectomia em Pré-molares com obturação retrógrada, ,Apicectomia em Pré-molares com obturação retrógrada,75,4070,,,aproximacao_textual,ALTA,CORRIGIR_NOME,corrupcao textual explicita com nome canonico unico confirmado por SQL e CSV,JA_CORRIGIDO
40632,18,4080,Apicectomia em Pr-molares curetagem apical,Apicectomia em Pré-molares curetagem apical,Apicectomia em Pré-molares curetagem apical,Apicectomia em Pré-molares curetagem apical,,Apicectomia em Pré-molares curetagem apical,76,4080,,,aproximacao_textual,ALTA,CORRIGIR_NOME,corrupcao textual explicita com nome canonico unico confirmado por SQL e CSV,JA_CORRIGIDO
40634,18,4100,DesobturaÆo de canal,Desobturação de canal,Desobturação de canal,Desobturação de canal,,Desobturação de canal,78,4100,,,aproximacao_textual,ALTA,CORRIGIR_NOME,corrupcao textual explicita com nome canonico unico confirmado por SQL e CSV,JA_CORRIGIDO
40637,18,4130,Reimplante dentes avuls. trauma + ap. contenÆo,Reimplante dentes avuls. trauma + ap. contenção,Reimplante dentes avuls. trauma + ap. contenção,Reimplante dentes avuls. trauma + ap. contenção,,Reimplante dentes avuls. trauma + ap. contenção,81,4130,,,aproximacao_textual,ALTA,CORRIGIR_NOME,corrupcao textual explicita com nome canonico unico confirmado por SQL e CSV,JA_CORRIGIDO
40638,18,4140,RemoÆo de Coroal Total,Remoção de Coroal Total,Remoção de Coroal Total,Remoção de Coroal Total,,Remoção de Coroal Total,82,4140,,,aproximacao_textual,ALTA,CORRIGIR_NOME,corrupcao textual explicita com nome canonico unico confirmado por SQL e CSV,JA_CORRIGIDO
40639,18,4150,RemoÆo de n£cleo intraradicular,Remoção de núcleo intraradicular,Remoção de núcleo intraradicular,Remoção de núcleo intraradicular,,Remoção de núcleo intraradicular,83,4150,,,aproximacao_textual,ALTA,CORRIGIR_NOME,corrupcao textual explicita com nome canonico unico confirmado por SQL e CSV,JA_CORRIGIDO
40643,18,4190,Retratamento de Canal - (Pr-molares),Retratamento de Canal - (Pré-molares),Retratamento de Canal - (Pré-molares),Retratamento de Canal - (Pré-molares),,Retratamento de Canal - (Pré-molares),87,4190,,,aproximacao_textual,ALTA,CORRIGIR_NOME,corrupcao textual explicita com nome canonico unico confirmado por SQL e CSV,JA_CORRIGIDO
40649,18,4250,Tratamento de Canal - (Pr-molares),Tratamento de Canal - (Pré-molares),Tratamento de Canal - (Pré-molares),Tratamento de Canal - (Pré-molares),,Tratamento de Canal - (Pré-molares),93,4250,,,aproximacao_textual,ALTA,CORRIGIR_NOME,corrupcao textual explicita com nome canonico unico confirmado por SQL e CSV,JA_CORRIGIDO
40651,18,4270,Tratamento de Trepanaäes / Perfuraäes,Tratamento de Trepanações / Perfurações,Tratamento de Trepanações / Perfurações,Tratamento de Trepanações / Perfurações,,Tratamento de Trepanações / Perfurações,95,4270,,,aproximacao_textual,ALTA,CORRIGIR_NOME,corrupcao textual explicita com nome canonico unico confirmado por SQL e CSV,JA_CORRIGIDO
40652,18,2000,CimentaÆo de Coroa Total Definitiva,Cimentação de Coroa Total Definitiva,Cimentação de Coroa Total Definitiva,Cimentação de Coroa Total Definitiva,,Cimentação de Coroa Total Definitiva,96,2000,,,aproximacao_textual,ALTA,CORRIGIR_NOME,corrupcao textual explicita com nome canonico unico confirmado por SQL e CSV,JA_CORRIGIDO
40653,18,2010,CimentaÆo de Coroa Total Provis¢ria,Cimentação de Coroa Total Provisória,Cimentação de Coroa Total Provisória,Cimentação de Coroa Total Provisória,,Cimentação de Coroa Total Provisória,97,2010,,,aproximacao_textual,ALTA,CORRIGIR_NOME,corrupcao textual explicita com nome canonico unico confirmado por SQL e CSV,JA_CORRIGIDO
40654,18,2020,CimentaÆo de N£cleo Met lico Fundido,Cimentação de Núcleo Metálico Fundido,Cimentação de Núcleo Metálico Fundido,Cimentação de Núcleo Metálico Fundido,,Cimentação de Núcleo Metálico Fundido,98,2020,,,aproximacao_textual,ALTA,CORRIGIR_NOME,corrupcao textual explicita com nome canonico unico confirmado por SQL e CSV,JA_CORRIGIDO
40655,18,2030,CimentaÆo de Pr¢tese Parcial Fixa,Cimentação de Prótese Parcial Fixa,Cimentação de Prótese Parcial Fixa,Cimentação de Prótese Parcial Fixa,,Cimentação de Prótese Parcial Fixa,99,2030,,,aproximacao_textual,ALTA,CORRIGIR_NOME,corrupcao textual explicita com nome canonico unico confirmado por SQL e CSV,JA_CORRIGIDO
40656,18,2040,Consulta de adaptaÆo Psicol¢gica,Consulta de adaptação Psicológica,Consulta de adaptação Psicológica,Consulta de adaptação Psicológica,,Consulta de adaptação Psicológica,100,2040,,,aproximacao_textual,ALTA,CORRIGIR_NOME,corrupcao textual explicita com nome canonico unico confirmado por SQL e CSV,JA_CORRIGIDO
40657,18,2050,Consulta de Emergncia,Consulta de Emergência,Consulta de Emergência,Consulta de Emergência,,Consulta de Emergência,101,2050,,,aproximacao_textual,ALTA,CORRIGIR_NOME,corrupcao textual explicita com nome canonico unico confirmado por SQL e CSV,JA_CORRIGIDO
40658,18,2060,"Consulta de Emergncia - (S bado, Domingo e Feriado)","Consulta de Emergência - (Sábado, Domingo e Feriado)","Consulta de Emergência - (Sábado, Domingo e Feriado)","Consulta de Emergência - (Sábado, Domingo e Feriado)",,"Consulta de Emergência - (Sábado, Domingo e Feriado)",102,2060,,,aproximacao_textual,ALTA,CORRIGIR_NOME,corrupcao textual explicita com nome canonico unico confirmado por SQL e CSV,JA_CORRIGIDO
40659,18,2070,Consulta de Emergncia Noturna - (22:00 s 06:00 hs),Consulta de Emergência Noturna - (22:00 às 06:00 hs),Consulta de Emergência Noturna - (22:00 às 06:00 hs),Consulta de Emergência Noturna - (22:00 às 06:00 hs),,Consulta de Emergência Noturna - (22:00 às 06:00 hs),103,2070,,,aproximacao_textual,ALTA,CORRIGIR_NOME,corrupcao textual explicita com nome canonico unico confirmado por SQL e CSV,JA_CORRIGIDO
40668,18,7000,Implante - (tcnica de Sammers),Implante - (técnica de Sammers),Implante - (técnica de Sammers),Implante - (técnica de Sammers),,Implante - (técnica de Sammers),112,7000,,,aproximacao_textual,ALTA,CORRIGIR_NOME,corrupcao textual explicita com nome canonico unico confirmado por SQL e CSV,JA_CORRIGIDO
40673,18,7030,RemoÆo de implante,Remoção de implante,Remoção de implante,Remoção de implante,,Remoção de implante,117,7030,,,aproximacao_textual,ALTA,CORRIGIR_NOME,corrupcao textual explicita com nome canonico unico confirmado por SQL e CSV,JA_CORRIGIDO
40683,18,3090,Cirurgia para colagem de botÆo Ortodntico,Cirurgia para colagem de botão Ortodôntico,Cirurgia para colagem de botão Ortodôntico,Cirurgia para colagem de botão Ortodôntico,,Cirurgia para colagem de botão Ortodôntico,127,3090,,,aproximacao_textual,ALTA,CORRIGIR_NOME,corrupcao textual explicita com nome canonico unico confirmado por SQL e CSV,JA_CORRIGIDO
40684,18,3100,Cirurgia para colagem de botÆo Ortodntico com osteotomia,Cirurgia para colagem de botão Ortodôntico com osteotomia,Cirurgia para colagem de botão Ortodôntico com osteotomia,Cirurgia para colagem de botão Ortodôntico com osteotomia,,Cirurgia para colagem de botão Ortodôntico com osteotomia,128,3100,,,aproximacao_textual,ALTA,CORRIGIR_NOME,corrupcao textual explicita com nome canonico unico confirmado por SQL e CSV,JA_CORRIGIDO
40685,18,3110,Cirurgia para Odonto-secÆo - (por elemento),Cirurgia para Odonto-secção - (por elemento),Cirurgia para Odonto-secção - (por elemento),Cirurgia para Odonto-secção - (por elemento),,Cirurgia para Odonto-secção - (por elemento),129,3110,,,aproximacao_textual,ALTA,CORRIGIR_NOME,corrupcao textual explicita com nome canonico unico confirmado por SQL e CSV,JA_CORRIGIDO
40687,18,3130,Enxerto de conjuntivo / tunelizaÆo,Enxerto de conjuntivo / tunelização,Enxerto de conjuntivo / tunelização,Enxerto de conjuntivo / tunelização,,Enxerto de conjuntivo / tunelização,131,3130,,,aproximacao_textual,ALTA,CORRIGIR_NOME,corrupcao textual explicita com nome canonico unico confirmado por SQL e CSV,JA_CORRIGIDO
40693,18,3190,Enxerto Osseo RTG - (RegeneraÆo Tecidual Guiada),Enxerto Osseo RTG - (Regeneração Tecidual Guiada),Enxerto Osseo RTG - (Regeneração Tecidual Guiada),Enxerto Osseo RTG - (Regeneração Tecidual Guiada),,Enxerto Osseo RTG - (Regeneração Tecidual Guiada),137,3190,,,aproximacao_textual,ALTA,CORRIGIR_NOME,corrupcao textual explicita com nome canonico unico confirmado por SQL e CSV,JA_CORRIGIDO
40706,18,3320,ManutenÆo Periodontal - (por sessÆo),Manutenção Periodontal - (por sessão),Manutenção Periodontal - (por sessão),Manutenção Periodontal - (por sessão),,Manutenção Periodontal - (por sessão),150,3320,,,aproximacao_textual,ALTA,CORRIGIR_NOME,corrupcao textual explicita com nome canonico unico confirmado por SQL e CSV,JA_CORRIGIDO
40709,18,3350,RemoÆo de Fatores de RetenÆo - (por segmento),Remoção de Fatores de Retenção - (por segmento),Remoção de Fatores de Retenção - (por segmento),Remoção de Fatores de Retenção - (por segmento),,Remoção de Fatores de Retenção - (por segmento),153,3350,,,aproximacao_textual,ALTA,CORRIGIR_NOME,corrupcao textual explicita com nome canonico unico confirmado por SQL e CSV,JA_CORRIGIDO
40712,18,1000,AplicaÆo de Cariost tico - (sessÆo),Aplicação de Cariostático - (sessão),Aplicação de Cariostático - (sessão),Aplicação de Cariostático - (sessão),,Aplicação de Cariostático - (sessão),156,1000,,,aproximacao_textual,ALTA,CORRIGIR_NOME,corrupcao textual explicita com nome canonico unico confirmado por SQL e CSV,JA_CORRIGIDO
40713,18,1010,AplicaÆo de Fl£or Verniz - (por elemento),Aplicação de Flúor Verniz - (por elemento),Aplicação de Flúor Verniz - (por elemento),Aplicação de Flúor Verniz - (por elemento),,Aplicação de Flúor Verniz - (por elemento),157,1010,,,aproximacao_textual,ALTA,CORRIGIR_NOME,corrupcao textual explicita com nome canonico unico confirmado por SQL e CSV,JA_CORRIGIDO
40714,18,1020,AplicaÆo de Selnate Oclusa Invasivo - (por elemento),Aplicação de Selnate Oclusa Invasivo - (por elemento),Aplicação de Selnate Oclusa Invasivo - (por elemento),Aplicação de Selnate Oclusa Invasivo - (por elemento),,Aplicação de Selnate Oclusa Invasivo - (por elemento),158,1020,,,aproximacao_textual,ALTA,CORRIGIR_NOME,corrupcao textual explicita com nome canonico unico confirmado por SQL e CSV,JA_CORRIGIDO
40715,18,1030,AplicaÆo T¢pica de Fl£or,Aplicação Tópica de Flúor,Aplicação Tópica de Flúor,Aplicação Tópica de Flúor,,Aplicação Tópica de Flúor,159,1030,,,aproximacao_textual,ALTA,CORRIGIR_NOME,corrupcao textual explicita com nome canonico unico confirmado por SQL e CSV,JA_CORRIGIDO
40717,18,1050,InstruÆo de Higiene Oral - (I.H.O.),Instrução de Higiene Oral - (I.H.O.),Instrução de Higiene Oral - (I.H.O.),Instrução de Higiene Oral - (I.H.O.),,Instrução de Higiene Oral - (I.H.O.),161,1050,,,aproximacao_textual,ALTA,CORRIGIR_NOME,corrupcao textual explicita com nome canonico unico confirmado por SQL e CSV,JA_CORRIGIDO
40718,18,1060,Profilaxia - (Polimento com taa de borracha),Profilaxia - (Polimento com taça de borracha),Profilaxia - (Polimento com taça de borracha),Profilaxia - (Polimento com taça de borracha),,Profilaxia - (Polimento com taça de borracha),162,1060,,,aproximacao_textual,ALTA,CORRIGIR_NOME,corrupcao textual explicita com nome canonico unico confirmado por SQL e CSV,JA_CORRIGIDO
40736,18,8140,Coroa metalo-cermica,Coroa metalo-cerâmica,Coroa metalo-cerâmica,Coroa metalo-cerâmica,,Coroa metalo-cerâmica,180,8140,,,aproximacao_textual,ALTA,CORRIGIR_NOME,corrupcao textual explicita com nome canonico unico confirmado por SQL e CSV,JA_CORRIGIDO
40737,18,8150,Coroa Metalo-cermica sob implante,Coroa Metalo-cerâmica sob implante,Coroa Metalo-cerâmica sob implante,Coroa Metalo-cerâmica sob implante,,Coroa Metalo-cerâmica sob implante,181,8150,,,aproximacao_textual,ALTA,CORRIGIR_NOME,corrupcao textual explicita com nome canonico unico confirmado por SQL e CSV,JA_CORRIGIDO
40744,18,8481,E-MAX - RestauraÆo Onlay / Inlay em Dissilicato de l¡tio,E-MAX - Restauração Onlay / Inlay em Dissilicato de lítio,E-MAX - Restauração Onlay / Inlay em Dissilicato de lítio,E-MAX - Restauração Onlay / Inlay em Dissilicato de lítio,,E-MAX - Restauração Onlay / Inlay em Dissilicato de lítio,188,8481,,,aproximacao_textual,ALTA,CORRIGIR_NOME,corrupcao textual explicita com nome canonico unico confirmado por SQL e CSV,JA_CORRIGIDO
40750,18,8250,Jig ou Front-Plat,Jig ou Front-Platô,Jig ou Front-Platô,Jig ou Front-Platô,,Jig ou Front-Platô,194,8250,,,aproximacao_textual,ALTA,CORRIGIR_NOME,corrupcao textual explicita com nome canonico unico confirmado por SQL e CSV,JA_CORRIGIDO
40752,18,8270,N£cleo Metal-free esttico,Núcleo Metal-free estético,Núcleo Metal-free estético,Núcleo Metal-free estético,,Núcleo Metal-free estético,196,8270,,,aproximacao_textual,ALTA,CORRIGIR_NOME,corrupcao textual explicita com nome canonico unico confirmado por SQL e CSV,JA_CORRIGIDO
40760,18,8340,Pr¢tese Parcial Fixa Metalo-cermica - (1 Pntico),Prótese Parcial Fixa Metalo-cerâmica - (1 Pôntico),Prótese Parcial Fixa Metalo-cerâmica - (1 Pôntico),Prótese Parcial Fixa Metalo-cerâmica - (1 Pôntico),,Prótese Parcial Fixa Metalo-cerâmica - (1 Pôntico),205,8340,,,aproximacao_textual,ALTA,CORRIGIR_NOME,corrupcao textual explicita com nome canonico unico confirmado por SQL e CSV,JA_CORRIGIDO
40761,18,8350,Pr¢tese Parcial Fixa Metalo-cermica - (2 Pnticos),Prótese Parcial Fixa Metalo-cerâmica - (2 Pônticos),Prótese Parcial Fixa Metalo-cerâmica - (2 Pônticos),Prótese Parcial Fixa Metalo-cerâmica - (2 Pônticos),,Prótese Parcial Fixa Metalo-cerâmica - (2 Pônticos),206,8350,,,aproximacao_textual,ALTA,CORRIGIR_NOME,corrupcao textual explicita com nome canonico unico confirmado por SQL e CSV,JA_CORRIGIDO
40762,18,8360,Pr¢tese Parcial Fixa Metalo-plastica - (1 Pntico),Prótese Parcial Fixa Metalo-plastica - (1 Pôntico),Prótese Parcial Fixa Metalo-plastica - (1 Pôntico),Prótese Parcial Fixa Metalo-plastica - (1 Pôntico),,Prótese Parcial Fixa Metalo-plastica - (1 Pôntico),207,8360,,,aproximacao_textual,ALTA,CORRIGIR_NOME,corrupcao textual explicita com nome canonico unico confirmado por SQL e CSV,JA_CORRIGIDO
40763,18,8361,Pr¢tese Parcial Fixa Metalo-plastica - (2 Pnticos),Prótese Parcial Fixa Metalo-plastica - (2 Pônticos),Prótese Parcial Fixa Metalo-plastica - (2 Pônticos),Prótese Parcial Fixa Metalo-plastica - (2 Pônticos),,Prótese Parcial Fixa Metalo-plastica - (2 Pônticos),208,8361,,,aproximacao_textual,ALTA,CORRIGIR_NOME,corrupcao textual explicita com nome canonico unico confirmado por SQL e CSV,JA_CORRIGIDO
40764,18,8370,Pr¢tese Parcial Fixa Provis¢ria - (1 Pntico),Prótese Parcial Fixa Provisória - (1 Pôntico),Prótese Parcial Fixa Provisória - (1 Pôntico),Prótese Parcial Fixa Provisória - (1 Pôntico),,Prótese Parcial Fixa Provisória - (1 Pôntico),209,8370,,,aproximacao_textual,ALTA,CORRIGIR_NOME,corrupcao textual explicita com nome canonico unico confirmado por SQL e CSV,JA_CORRIGIDO
40775,18,8470,RestauraÆo Met lica Fundida - RMF,Restauração Metálica Fundida - RMF,Restauração Metálica Fundida - RMF,Restauração Metálica Fundida - RMF,,Restauração Metálica Fundida - RMF,220,8470,,,aproximacao_textual,ALTA,CORRIGIR_NOME,corrupcao textual explicita com nome canonico unico confirmado por SQL e CSV,JA_CORRIGIDO
40776,18,8480,RestauraÆo Onlay / Inlay em Porcelana,Restauração Onlay / Inlay em Porcelana,Restauração Onlay / Inlay em Porcelana,Restauração Onlay / Inlay em Porcelana,,Restauração Onlay / Inlay em Porcelana,221,8480,,,aproximacao_textual,ALTA,CORRIGIR_NOME,corrupcao textual explicita com nome canonico unico confirmado por SQL e CSV,JA_CORRIGIDO
40777,18,8490,RestauraÆo Onlay / Inlay em Ceromero,Restauração Onlay / Inlay em Ceromero,Restauração Onlay / Inlay em Ceromero,Restauração Onlay / Inlay em Ceromero,,Restauração Onlay / Inlay em Ceromero,222,8490,,,aproximacao_textual,ALTA,CORRIGIR_NOME,corrupcao textual explicita com nome canonico unico confirmado por SQL e CSV,JA_CORRIGIDO
40780,18,225,Aparelho de contenÆo,Aparelho de contenção,Aparelho de contenção,Aparelho de contenção,,Aparelho de contenção,225,,,,aproximacao_textual,ALTA,CORRIGIR_NOME,corrupcao textual explicita com nome canonico unico confirmado por SQL e CSV,JA_CORRIGIDO
40783,18,228,Aparelho Ortodntico Esttico em Porcelana - (Arcada Inferior),Aparelho Ortodôntico Estético em Porcelana - (Arcada Inferior),Aparelho Ortodôntico Estético em Porcelana - (Arcada Inferior),Aparelho Ortodôntico Estético em Porcelana - (Arcada Inferior), ,Aparelho Ortodôntico Estético em Porcelana - (Arcada Inferior),228,,,,aproximacao_textual,ALTA,CORRIGIR_NOME,corrupcao textual explicita com nome canonico unico confirmado por SQL e CSV,JA_CORRIGIDO
40784,18,229,Aparelho Ortodntico Esttico em Porcelana - (Arcada Superior),Aparelho Ortodôntico Estético em Porcelana - (Arcada Superior),Aparelho Ortodôntico Estético em Porcelana - (Arcada Superior),Aparelho Ortodôntico Estético em Porcelana - (Arcada Superior), ,Aparelho Ortodôntico Estético em Porcelana - (Arcada Superior),229,,,,aproximacao_textual,ALTA,CORRIGIR_NOME,corrupcao textual explicita com nome canonico unico confirmado por SQL e CSV,JA_CORRIGIDO
40785,18,230,Aparelho Ortodntico Esttico em Zafira - (Arcada Inferior),Aparelho Ortodôntico Estético em Zafira - (Arcada Inferior),Aparelho Ortodôntico Estético em Zafira - (Arcada Inferior),Aparelho Ortodôntico Estético em Zafira - (Arcada Inferior), ,Aparelho Ortodôntico Estético em Zafira - (Arcada Inferior),230,,,,aproximacao_textual,ALTA,CORRIGIR_NOME,corrupcao textual explicita com nome canonico unico confirmado por SQL e CSV,JA_CORRIGIDO
40786,18,231,Aparelho Ortodntico Esttico em Zafira - (Arcada Superior),Aparelho Ortodôntico Estético em Zafira - (Arcada Superior),Aparelho Ortodôntico Estético em Zafira - (Arcada Superior),Aparelho Ortodôntico Estético em Zafira - (Arcada Superior), ,Aparelho Ortodôntico Estético em Zafira - (Arcada Superior),231,,,,aproximacao_textual,ALTA,CORRIGIR_NOME,corrupcao textual explicita com nome canonico unico confirmado por SQL e CSV,JA_CORRIGIDO
40787,18,232,Aparelho Ortodntico Fixo - (Arcada Inferior),Aparelho Ortodôntico Fixo - (Arcada Inferior),Aparelho Ortodôntico Fixo - (Arcada Inferior),Aparelho Ortodôntico Fixo - (Arcada Inferior),,Aparelho Ortodôntico Fixo - (Arcada Inferior),232,,,,aproximacao_textual,ALTA,CORRIGIR_NOME,corrupcao textual explicita com nome canonico unico confirmado por SQL e CSV,JA_CORRIGIDO
40788,18,233,Aparelho Ortodntico Fixo - (Arcada Superior),Aparelho Ortodôntico Fixo - (Arcada Superior),Aparelho Ortodôntico Fixo - (Arcada Superior),Aparelho Ortodôntico Fixo - (Arcada Superior),,Aparelho Ortodôntico Fixo - (Arcada Superior),233,,,,aproximacao_textual,ALTA,CORRIGIR_NOME,corrupcao textual explicita com nome canonico unico confirmado por SQL e CSV,JA_CORRIGIDO
40795,18,240,Ativador de Zurick - Su¡a,Ativador de Zurick - Suíça,Ativador de Zurick - Suíça,Ativador de Zurick - Suíça,,Ativador de Zurick - Suíça,240,,,,aproximacao_textual,ALTA,CORRIGIR_NOME,corrupcao textual explicita com nome canonico unico confirmado por SQL e CSV,JA_CORRIGIDO
40801,18,246,Bi-hlice,Bi-hélice,Bi-hélice,Bi-hélice,,Bi-hélice,246,,,,aproximacao_textual,ALTA,CORRIGIR_NOME,corrupcao textual explicita com nome canonico unico confirmado por SQL e CSV,JA_CORRIGIDO
40815,18,260,ContenÆo Fixa Lingual,Contenção Fixa Lingual,Contenção Fixa Lingual,Contenção Fixa Lingual,,Contenção Fixa Lingual,260,,,,aproximacao_textual,ALTA,CORRIGIR_NOME,corrupcao textual explicita com nome canonico unico confirmado por SQL e CSV,JA_CORRIGIDO
40816,18,261,ContenÆo m¢vel - (Placa de acet to),Contenção móvel - (Placa de acetáto),Contenção móvel - (Placa de acetáto),Contenção móvel - (Placa de acetáto),,Contenção móvel - (Placa de acetáto),261,,,,aproximacao_textual,ALTA,CORRIGIR_NOME,corrupcao textual explicita com nome canonico unico confirmado por SQL e CSV,JA_CORRIGIDO
40823,18,268,Distabilizador Pendex com Pndulo,Distabilizador Pendex com Pêndulo,Distabilizador Pendex com Pêndulo,Distabilizador Pendex com Pêndulo,,Distabilizador Pendex com Pêndulo,268,,,,aproximacao_textual,ALTA,CORRIGIR_NOME,corrupcao textual explicita com nome canonico unico confirmado por SQL e CSV,JA_CORRIGIDO
40825,18,270,DocumentaÆo ortodntica,Documentação ortodôntica,Documentação ortodôntica,Documentação ortodôntica, ,Documentação ortodôntica,270,,,,aproximacao_textual,ALTA,CORRIGIR_NOME,corrupcao textual explicita com nome canonico unico confirmado por SQL e CSV,JA_CORRIGIDO
40836,18,281,Mantenedor de espao,Mantenedor de espaço,Mantenedor de espaço,Mantenedor de espaço,,Mantenedor de espaço,281,,,,aproximacao_textual,ALTA,CORRIGIR_NOME,corrupcao textual explicita com nome canonico unico confirmado por SQL e CSV,JA_CORRIGIDO
40837,18,282,ManutenÆo ortodntico - (Mensal),Manutenção ortodôntico - (Mensal),Manutenção ortodôntico - (Mensal),Manutenção ortodôntico - (Mensal), ,Manutenção ortodôntico - (Mensal),282,,,,aproximacao_textual,ALTA,CORRIGIR_NOME,corrupcao textual explicita com nome canonico unico confirmado por SQL e CSV,JA_CORRIGIDO
40844,18,289,Placa com arco ala dupla para expanÆo Y,Placa com arco alça dupla para expanção Y,Placa com arco alça dupla para expanção Y,Placa com arco alça dupla para expanção Y,,Placa com arco alça dupla para expanção Y,289,,,,aproximacao_textual,ALTA,CORRIGIR_NOME,corrupcao textual explicita com nome canonico unico confirmado por SQL e CSV,JA_CORRIGIDO
40845,18,290,Placa com arco de contenÆo cont¡nua,Placa com arco de contenção contínua,Placa com arco de contenção contínua,Placa com arco de contenção contínua,,Placa com arco de contenção contínua,290,,,,aproximacao_textual,ALTA,CORRIGIR_NOME,corrupcao textual explicita com nome canonico unico confirmado por SQL e CSV,JA_CORRIGIDO
40846,18,291,Placa com arco de contenÆo de Baag,Placa com arco de contenção de Baag,Placa com arco de contenção de Baag,Placa com arco de contenção de Baag,,Placa com arco de contenção de Baag,291,,,,aproximacao_textual,ALTA,CORRIGIR_NOME,corrupcao textual explicita com nome canonico unico confirmado por SQL e CSV,JA_CORRIGIDO
40852,18,297,Placa de Apnia,Placa de Apnéia,Placa de Apnéia,Placa de Apnéia,,Placa de Apnéia,297,,,,aproximacao_textual,ALTA,CORRIGIR_NOME,corrupcao textual explicita com nome canonico unico confirmado por SQL e CSV,JA_CORRIGIDO
40853,18,298,Placa de ativaÆo mandibular,Placa de ativação mandibular,Placa de ativação mandibular,Placa de ativação mandibular,,Placa de ativação mandibular,298,,,,aproximacao_textual,ALTA,CORRIGIR_NOME,corrupcao textual explicita com nome canonico unico confirmado por SQL e CSV,JA_CORRIGIDO
40859,18,304,Placa de ocupaÆo lingual,Placa de ocupação lingual,Placa de ocupação lingual,Placa de ocupação lingual,,Placa de ocupação lingual,304,,,,aproximacao_textual,ALTA,CORRIGIR_NOME,corrupcao textual explicita com nome canonico unico confirmado por SQL e CSV,JA_CORRIGIDO
40861,18,306,Placa dupla de avano - Piamant,Placa dupla de avanço - Piamant,Placa dupla de avanço - Piamant,Placa dupla de avanço - Piamant,,Placa dupla de avanço - Piamant,306,,,,aproximacao_textual,ALTA,CORRIGIR_NOME,corrupcao textual explicita com nome canonico unico confirmado por SQL e CSV,JA_CORRIGIDO
40864,18,309,Placa mantenedora de espao.,Placa mantenedora de espaço.,Placa mantenedora de espaço.,Placa mantenedora de espaço.,,Placa mantenedora de espaço.,309,,,,aproximacao_textual,ALTA,CORRIGIR_NOME,corrupcao textual explicita com nome canonico unico confirmado por SQL e CSV,JA_CORRIGIDO
40865,18,310,Placa recuperadora de espao,Placa recuperadora de espaço,Placa recuperadora de espaço,Placa recuperadora de espaço,,Placa recuperadora de espaço,310,,,,aproximacao_textual,ALTA,CORRIGIR_NOME,corrupcao textual explicita com nome canonico unico confirmado por SQL e CSV,JA_CORRIGIDO
40868,18,313,Quadri-hlice,Quadri-hélice,Quadri-hélice,Quadri-hélice,,Quadri-hélice,313,,,,aproximacao_textual,ALTA,CORRIGIR_NOME,corrupcao textual explicita com nome canonico unico confirmado por SQL e CSV,JA_CORRIGIDO
40878,18,323,Alinhadores Estticos,Alinhadores Estéticos,Alinhadores Estéticos,Alinhadores Estéticos,,Alinhadores Estéticos,323,,,,aproximacao_textual,ALTA,CORRIGIR_NOME,corrupcao textual explicita com nome canonico unico confirmado por SQL e CSV,JA_CORRIGIDO
40880,18,2081,Consulta de ReavaliaÆo Cl¡nica,Consulta de Reavaliação Clínica,Consulta de Reavaliação Clínica,Consulta de Reavaliação Clínica,,Consulta de Reavaliação Clínica,325,2081,,,aproximacao_textual,ALTA,CORRIGIR_NOME,corrupcao textual explicita com nome canonico unico confirmado por SQL e CSV,JA_CORRIGIDO
40884,18,9040,Fios de sustentaÆo,Fios de sustentação,Fios de sustentação,Fios de sustentação,,Fios de sustentação,329,9040,,,aproximacao_textual,ALTA,CORRIGIR_NOME,corrupcao textual explicita com nome canonico unico confirmado por SQL e CSV,JA_CORRIGIDO
40886,18,2011,CimentaÆo adesiva,Cimentação adesiva,Cimentação adesiva,Cimentação adesiva,,Cimentação adesiva,331,2011,,,aproximacao_textual,ALTA,CORRIGIR_NOME,corrupcao textual explicita com nome canonico unico confirmado por SQL e CSV,JA_CORRIGIDO
40891,18,336,RemoÆo de aparelho ortodontico fixo.,Remoção de aparelho ortodontico fixo.,Remoção de aparelho ortodontico fixo.,Remoção de aparelho ortodontico fixo.,,Remoção de aparelho ortodontico fixo.,336,,,,aproximacao_textual,ALTA,CORRIGIR_NOME,corrupcao textual explicita com nome canonico unico confirmado por SQL e CSV,JA_CORRIGIDO
40892,18,7070,RegeneraÆo ¢ssea guiada - ROG,Regeneração óssea guiada - ROG,Regeneração óssea guiada - ROG,Regeneração óssea guiada - ROG,,Regeneração óssea guiada - ROG,337,7070,,,aproximacao_textual,ALTA,CORRIGIR_NOME,corrupcao textual explicita com nome canonico unico confirmado por SQL e CSV,JA_CORRIGIDO
