tabela,linhas,pk,id_min,id_max,sequence,seq_last_value,max_id_real,nulls_fk_importantes,por_clinica,ultima_data,hash_columns,path_columns
access_profile,20,id,101,130,public.access_profile_id_seq,130,130,"{""clinica_id"": 0}",13:10;15:10,2026-05-28 06:25:00.995185-03:00,,
agenda_legado_bloqueio,0,id,,,public.agenda_legado_bloqueio_id_seq,1,,"{""clinica_id"": 0}",,,,
agenda_legado_evento,14044,id,41733,55777,public.agenda_legado_evento_id_seq,55778,55777,"{""clinica_id"": 0}",1:14044,,,
anamnese_perguntas,229,id,18,479,public.anamnese_perguntas_id_seq,479,479,"{""clinica_id"": 0}",1:130;4:17;13:41;15:41,2026-05-28 06:25:00.995185-03:00,,
anamnese_questionarios,12,id,2,31,public.anamnese_questionarios_id_seq,31,31,"{""clinica_id"": 0}",1:5;4:1;13:3;15:3,2026-05-28 06:25:00.995185-03:00,,
anamnese_respostas,2,id,1,3,public.anamnese_respostas_id_seq,3,3,"{""clinica_id"": 0, ""paciente_id"": 0}",1:1;4:1,2026-06-02 19:38:51.573615-03:00,,
assinaturas,0,id,,,public.assinaturas_id_seq,1,,"{""clinica_id"": 0}",,,,
brana_schema_versions,0,id,,,public.brana_schema_versions_id_seq,1,,{},,,,
calendario_faturamento_odonto,0,id,,,public.calendario_faturamento_odonto_id_seq,1,,"{""clinica_id"": 0}",,,,
categoria_financeira,355,id,259,1489,public.categoria_financeira_id_seq,1489,1489,"{""clinica_id"": 0}",1:84;4:99;13:86;15:86,,,
cenario,2,id,2,4,public.cenario_id_seq,4,4,"{""clinica_id"": 0}",1:1;4:1,,,
clinicas,4,id,1,15,public.clinicas_id_seq,15,15,{},,2026-05-28 06:25:00.995185-03:00,,
contato,107,id,1,107,public.contato_id_seq,107,107,"{""clinica_id"": 0}",1:107,,,
controle_protetico,0,id,,,public.controle_protetico_id_seq,1,,"{""clinica_id"": 0, ""paciente_id"": 0}",,,,
convenio_odonto,40,id,1,110,public.convenio_odonto_id_seq,110,110,"{""clinica_id"": 0}",1:10;4:10;13:10;15:10,2026-05-28 06:25:00.995185-03:00,,
doenca_cid,57944,id,384997,15638755,public.doenca_cid_id_seq,15638759,15638755,"{""clinica_id"": 0}",1:14486;4:14486;13:14486;15:14486,,,
email_codes,25,id,1,37,public.email_codes_id_seq,37,37,{},,,code_hash,
etiqueta_modelo,33,id,34,138,public.etiqueta_modelo_id_seq,138,138,"{""clinica_id"": 0}",1:9;4:8;13:8;15:8,2026-05-28 06:25:00.995185-03:00,,
etiqueta_padrao,8,id,1,8,,,8,{},,,,
grupo_financeiro,53,id,40,225,public.grupo_financeiro_id_seq,225,225,"{""clinica_id"": 0}",1:13;4:14;13:13;15:13,,,
indice_cotacao,1,id,1,1,public.indice_cotacao_id_seq,2,1,"{""clinica_id"": 0}",1:1,,,
indice_financeiro,16,id,5,45,public.indice_financeiro_id_seq,45,45,"{""clinica_id"": 0}",1:4;4:4;13:4;15:4,,,
item_auxiliar,4906,id,52,14035,public.item_auxiliar_id_seq,14037,14035,"{""clinica_id"": 0}",1:1225;4:1229;13:1226;15:1226,,,
lancamento,2099,id,6295,8393,public.lancamento_id_seq,8393,8393,"{""clinica_id"": 0}",1:2099,,,
lista_material,5,id,17,31,public.lista_material_id_seq,31,31,"{""clinica_id"": 0}",1:1;4:2;13:1;15:1,,,
material,989,id,3070,6254,public.material_id_seq,6254,6254,{},,,,
medicamento,135,id,1,136,public.medicamento_id_seq,136,136,"{""clinica_id"": 0}",1:67;4:67;15:1,2026-05-28 07:33:58.641521-03:00,,
modelos_documento,187,id,1,187,public.modelos_documento_id_seq,187,187,"{""clinica_id"": 60}",1:126;15:1;None:60,2026-05-28 07:37:59.761824-03:00,,nome_arquivo;caminho_arquivo
motivo_agendamento,28,id,1,28,public.motivo_agendamento_id_seq,28,28,"{""clinica_id"": 0}",1:7;4:7;13:7;15:7,2026-07-09 17:21:16.131354-03:00,,
odontograma_arcada_slots,0,id,,,public.odontograma_arcada_slots_id_seq,1,,"{""clinica_id"": 0, ""paciente_id"": 0}",,,,
odontograma_dentes,0,id,,,public.odontograma_dentes_id_seq,1,,"{""clinica_id"": 0}",,,,
odontograma_faces,0,id,,,public.odontograma_faces_id_seq,1,,"{""clinica_id"": 0}",,,,
odontograma_intervencao_status,3,id,1,3,public.odontograma_intervencao_status_id_seq,6,3,{},,2026-06-04 07:25:59.061290-03:00,,
odontograma_intervencoes,0,id,,,public.odontograma_intervencoes_id_seq,1,,"{""clinica_id"": 0, ""prestador_id"": 0, ""paciente_id"": 0}",,,,
pacientes,1629,id,1,1629,public.pacientes_id_seq,1629,1629,"{""clinica_id"": 0}",1:1627;4:1;15:1,2026-06-22 17:15:31.023988-03:00,,
plano_odonto,40,id,1,110,public.plano_odonto_id_seq,110,110,"{""clinica_id"": 0}",1:10;4:10;13:10;15:10,2026-05-28 06:25:00.995185-03:00,,
planos,0,id,,,public.planos_id_seq,1,,{},,,,
plataforma_assinaturas,4,id,5,15,public.plataforma_assinaturas_id_seq,15,15,"{""clinica_id"": 0}",1:1;4:1;13:1;15:1,2026-07-15 19:00:12.446772-03:00,,
plataforma_auditoria,48,id,1,48,public.plataforma_auditoria_id_seq,48,48,{},,2026-07-15 18:59:57.424272-03:00,,
plataforma_cobrancas,0,id,,,public.plataforma_cobrancas_id_seq,1,,"{""clinica_id"": 0}",,,,
prestador,0,id,,,public.prestador_id_seq,1,,"{""clinica_id"": 0}",,,,
prestador_comissao,0,id,,,public.prestador_comissao_id_seq,1,,"{""clinica_id"": 0, ""prestador_id"": 0}",,,,
prestador_comissao_odonto,0,id,,,public.prestador_comissao_odonto_id_seq,1,,"{""clinica_id"": 0, ""prestador_id"": 0}",,,,
prestador_credenciamento,0,id,,,public.prestador_credenciamento_id_seq,1,,"{""clinica_id"": 0, ""prestador_id"": 0}",,,,
prestador_credenciamento_odonto,0,id,,,public.prestador_credenciamento_odonto_id_seq,1,,"{""clinica_id"": 0, ""prestador_id"": 0}",,,,
prestador_odonto,10,id,1,24,public.prestador_odonto_id_seq,24,24,"{""clinica_id"": 0, ""usuario_id"": 2}",1:5;4:1;13:2;15:2,2026-05-28 17:48:10.563927-03:00,,
procedimento,4457,id,673,66929,public.procedimento_id_seq,66929,66929,"{""clinica_id"": 0}",1:811;4:448;13:1599;15:1599,,,
procedimento_fase,4,id,1,5,public.procedimento_fase_id_seq,5,5,"{""clinica_id"": 0}",1:4,,,
procedimento_generico,1780,id,1,4781,public.procedimento_generico_id_seq,4781,4781,"{""clinica_id"": 0}",1:591;4:7;13:591;15:591,,,
procedimento_generico_fase,4,id,1,4,public.procedimento_generico_fase_id_seq,8,4,"{""clinica_id"": 0}",1:4,,,
procedimento_generico_material,1746,id,1,1778,public.procedimento_generico_material_id_seq,3557,1778,"{""clinica_id"": 0}",1:1714;4:32,,,
procedimento_material,6284,id,13276,130709,public.procedimento_material_id_seq,130709,130709,"{""clinica_id"": 0}",1:3160;4:3124,,,
procedimento_tabela,27,id,2,97,public.procedimento_tabela_id_seq,97,97,"{""clinica_id"": 0}",1:5;4:2;13:10;15:10,,,
protetico,5,id,24,28,public.protetico_id_seq,28,28,"{""clinica_id"": 0}",1:5,,,
quadro_avisos,0,id,,,public.quadro_avisos_id_seq,1,,"{""clinica_id"": 0}",,,,
relatorio_config,0,id,,,public.relatorio_config_id_seq,1,,"{""clinica_id"": 0, ""usuario_id"": 0}",,,,
restricao_terapeutica,0,id,,,public.restricao_terapeutica_id_seq,1,,"{""clinica_id"": 0, ""paciente_id"": 0}",,,,
servico_protetico,248,id,2,249,public.servico_protetico_id_seq,252,249,"{""clinica_id"": 0}",1:248,,,
simbolo_grafico_catalogo,559,id,1,1261,public.simbolo_grafico_catalogo_id_seq,1261,1261,"{""clinica_id"": 0}",1:141;4:142;13:138;15:138,,,
tiss_tipo_atendimento,5,id,1,5,,,5,{},,,,
tiss_tipo_tabela,21,id,1,21,,,21,{},,,,
tratamento,2,id,1,2,public.tratamento_id_seq,2,2,"{""clinica_id"": 0, ""paciente_id"": 0}",1:2,2026-06-22 17:15:34.392679-03:00,senha_autorizacao;validade_senha,
unidade_atendimento,6,id,1,13,public.unidade_atendimento_id_seq,13,13,"{""clinica_id"": 0}",1:4;13:1;15:1,2026-07-17 11:47:18.309594-03:00,,
usuario_perfil_acesso,0,id,,,public.usuario_perfil_acesso_id_seq,1,,"{""clinica_id"": 0, ""usuario_id"": 0, ""prestador_id"": 0}",,,,
usuarios,14,id,1,36,public.usuarios_id_seq,37,36,"{""clinica_id"": 0, ""prestador_id"": 1, ""unidade_atendimento_id"": 7}",1:7;4:2;13:2;15:3,,senha_hash;forcar_troca_senha;senha_interna_hash,
