status,nivel_confianca,id_brana,codigo_brana_atual,nome_brana_atual,nroproctab_easy,codconv_easy,nome_easy,metodo_match,divergencias,justificativa
apto,ALTA,40778,223,Aparelho Autoligado (Arcada Inferior),223,,Aparelho Autoligado (Arcada Inferior),nome_exato + NROPROCTAB,[],nome preservado como chave semantica; codigo varia entre CODCONV e NROPROCTAB conforme presenca de CODCONV
apto,ALTA,40779,224,Aparelho Autoligado (Arcada Superior),224,,Aparelho Autoligado (Arcada Superior),nome_exato + NROPROCTAB,[],nome preservado como chave semantica; codigo varia entre CODCONV e NROPROCTAB conforme presenca de CODCONV
apto,ALTA,40781,226,Aparelho em uma arcada conjugado c/ ap. auxiliar,226,,Aparelho em uma arcada conjugado c/ ap. auxiliar,nome_exato + NROPROCTAB,[],nome preservado como chave semantica; codigo varia entre CODCONV e NROPROCTAB conforme presenca de CODCONV
apto,ALTA,40782,227,Aparelho extra bucal,227,,Aparelho extra bucal,nome_exato + NROPROCTAB,[],nome preservado como chave semantica; codigo varia entre CODCONV e NROPROCTAB conforme presenca de CODCONV
apto,ALTA,40789,234,Aparelho Ortopedico,234,,Aparelho Ortopedico,nome_exato + NROPROCTAB,[],nome preservado como chave semantica; codigo varia entre CODCONV e NROPROCTAB conforme presenca de CODCONV
apto,ALTA,40790,235,Aparelho removivel,235,,Aparelho removivel,nome_exato + NROPROCTAB,[],nome preservado como chave semantica; codigo varia entre CODCONV e NROPROCTAB conforme presenca de CODCONV
apto,ALTA,40791,236,"Aparelhos auxiliares (extra-oral, ""Bumper"", etc)",236,,"Aparelhos auxiliares (extra-oral, ""Bumper"", etc)",nome_exato + NROPROCTAB,[],nome preservado como chave semantica; codigo varia entre CODCONV e NROPROCTAB conforme presenca de CODCONV
apto,ALTA,40792,237,Arco Palatino,237,,Arco Palatino,nome_exato + NROPROCTAB,[],nome preservado como chave semantica; codigo varia entre CODCONV e NROPROCTAB conforme presenca de CODCONV
apto,ALTA,40793,238,Ativador de Haulp,238,,Ativador de Haulp,nome_exato + NROPROCTAB,[],nome preservado como chave semantica; codigo varia entre CODCONV e NROPROCTAB conforme presenca de CODCONV
apto,ALTA,40794,239,Ativador de Rossi,239,,Ativador de Rossi,nome_exato + NROPROCTAB,[],nome preservado como chave semantica; codigo varia entre CODCONV e NROPROCTAB conforme presenca de CODCONV
apto,ALTA,40796,241,Bandagem (Tubo bracket),241,,Bandagem (Tubo bracket),nome_exato + NROPROCTAB,[],nome preservado como chave semantica; codigo varia entre CODCONV e NROPROCTAB conforme presenca de CODCONV
apto,ALTA,40797,242,Bandagem (Tubo duplo),242,,Bandagem (Tubo duplo),nome_exato + NROPROCTAB,[],nome preservado como chave semantica; codigo varia entre CODCONV e NROPROCTAB conforme presenca de CODCONV
apto,ALTA,40798,243,Bandagem (Tubo simples),243,,Bandagem (Tubo simples),nome_exato + NROPROCTAB,[],nome preservado como chave semantica; codigo varia entre CODCONV e NROPROCTAB conforme presenca de CODCONV
apto,ALTA,40799,244,Bandagem (Tubo triplo),244,,Bandagem (Tubo triplo),nome_exato + NROPROCTAB,[],nome preservado como chave semantica; codigo varia entre CODCONV e NROPROCTAB conforme presenca de CODCONV
apto,ALTA,40800,245,Barra Transpalatina,245,,Barra Transpalatina,nome_exato + NROPROCTAB,[],nome preservado como chave semantica; codigo varia entre CODCONV e NROPROCTAB conforme presenca de CODCONV
apto,ALTA,40802,247,Bio-ajustador - Tecnica MD3,247,,Bio-ajustador - Tecnica MD3,nome_exato + NROPROCTAB,[],nome preservado como chave semantica; codigo varia entre CODCONV e NROPROCTAB conforme presenca de CODCONV
apto,ALTA,40803,248,Bionator - Super,248,,Bionator - Super,nome_exato + NROPROCTAB,[],nome preservado como chave semantica; codigo varia entre CODCONV e NROPROCTAB conforme presenca de CODCONV
apto,ALTA,40804,249,Bionator de Balters - Classe I,249,,Bionator de Balters - Classe I,nome_exato + NROPROCTAB,[],nome preservado como chave semantica; codigo varia entre CODCONV e NROPROCTAB conforme presenca de CODCONV
apto,ALTA,40805,250,Bionator de Balters - Classe II,250,,Bionator de Balters - Classe II,nome_exato + NROPROCTAB,[],nome preservado como chave semantica; codigo varia entre CODCONV e NROPROCTAB conforme presenca de CODCONV
apto,ALTA,40806,251,Bionator de Balters - Classe III,251,,Bionator de Balters - Classe III,nome_exato + NROPROCTAB,[],nome preservado como chave semantica; codigo varia entre CODCONV e NROPROCTAB conforme presenca de CODCONV
apto,ALTA,40807,252,Blinler - A,252,,Blinler - A,nome_exato + NROPROCTAB,[],nome preservado como chave semantica; codigo varia entre CODCONV e NROPROCTAB conforme presenca de CODCONV
apto,ALTA,40808,253,Blinler - B,253,,Blinler - B,nome_exato + NROPROCTAB,[],nome preservado como chave semantica; codigo varia entre CODCONV e NROPROCTAB conforme presenca de CODCONV
apto,ALTA,40809,254,Blinler - C,254,,Blinler - C,nome_exato + NROPROCTAB,[],nome preservado como chave semantica; codigo varia entre CODCONV e NROPROCTAB conforme presenca de CODCONV
apto,ALTA,40811,256,"Bracket (Bracket 0,18"" x 0,25"")",256,,"Bracket (Bracket 0,18"" x 0,25"")",nome_exato + NROPROCTAB,[],nome preservado como chave semantica; codigo varia entre CODCONV e NROPROCTAB conforme presenca de CODCONV
apto,ALTA,40812,257,"Bracket (Bracket 0,18"" x 0,30"")",257,,"Bracket (Bracket 0,18"" x 0,30"")",nome_exato + NROPROCTAB,[],nome preservado como chave semantica; codigo varia entre CODCONV e NROPROCTAB conforme presenca de CODCONV
apto,ALTA,40813,258,"Bracket (Bracket 0,22"" x 0,28"")",258,,"Bracket (Bracket 0,22"" x 0,28"")",nome_exato + NROPROCTAB,[],nome preservado como chave semantica; codigo varia entre CODCONV e NROPROCTAB conforme presenca de CODCONV
apto,ALTA,40814,259,Bracket (Bracket Straight-Wire),259,,Bracket (Bracket Straight-Wire),nome_exato + NROPROCTAB,[],nome preservado como chave semantica; codigo varia entre CODCONV e NROPROCTAB conforme presenca de CODCONV
apto,ALTA,40817,262,Disjuntor de Hass,262,,Disjuntor de Hass,nome_exato + NROPROCTAB,[],nome preservado como chave semantica; codigo varia entre CODCONV e NROPROCTAB conforme presenca de CODCONV
apto,ALTA,40818,263,Disjuntor de Hirax,263,,Disjuntor de Hirax,nome_exato + NROPROCTAB,[],nome preservado como chave semantica; codigo varia entre CODCONV e NROPROCTAB conforme presenca de CODCONV
apto,ALTA,40819,264,Disjuntor Hirax RC,264,,Disjuntor Hirax RC,nome_exato + NROPROCTAB,[],nome preservado como chave semantica; codigo varia entre CODCONV e NROPROCTAB conforme presenca de CODCONV
apto,ALTA,40820,265,Disjuntor MC Namara - Resina,265,,Disjuntor MC Namara - Resina,nome_exato + NROPROCTAB,[],nome preservado como chave semantica; codigo varia entre CODCONV e NROPROCTAB conforme presenca de CODCONV
apto,ALTA,40821,266,Disjuntor MC Namara com Hirax,266,,Disjuntor MC Namara com Hirax,nome_exato + NROPROCTAB,[],nome preservado como chave semantica; codigo varia entre CODCONV e NROPROCTAB conforme presenca de CODCONV
apto,ALTA,40822,267,Disjuntor Omar Gabriel,267,,Disjuntor Omar Gabriel,nome_exato + NROPROCTAB,[],nome preservado como chave semantica; codigo varia entre CODCONV e NROPROCTAB conforme presenca de CODCONV
apto,ALTA,40824,269,Djuntor palatino,269,,Djuntor palatino,nome_exato + NROPROCTAB,[],nome preservado como chave semantica; codigo varia entre CODCONV e NROPROCTAB conforme presenca de CODCONV
apto,ALTA,40826,271,Frankel - Classe I,271,,Frankel - Classe I,nome_exato + NROPROCTAB,[],nome preservado como chave semantica; codigo varia entre CODCONV e NROPROCTAB conforme presenca de CODCONV
apto,ALTA,40827,272,Frankel - Classe II,272,,Frankel - Classe II,nome_exato + NROPROCTAB,[],nome preservado como chave semantica; codigo varia entre CODCONV e NROPROCTAB conforme presenca de CODCONV
apto,ALTA,40828,273,Frankel - Classe III,273,,Frankel - Classe III,nome_exato + NROPROCTAB,[],nome preservado como chave semantica; codigo varia entre CODCONV e NROPROCTAB conforme presenca de CODCONV
apto,ALTA,40829,274,Frankel - Mordida Aberta,274,,Frankel - Mordida Aberta,nome_exato + NROPROCTAB,[],nome preservado como chave semantica; codigo varia entre CODCONV e NROPROCTAB conforme presenca de CODCONV
apto,ALTA,40830,275,Grade palatina fixa,275,,Grade palatina fixa,nome_exato + NROPROCTAB,[],nome preservado como chave semantica; codigo varia entre CODCONV e NROPROCTAB conforme presenca de CODCONV
apto,ALTA,40832,277,Klammt - Classe I,277,,Klammt - Classe I,nome_exato + NROPROCTAB,[],nome preservado como chave semantica; codigo varia entre CODCONV e NROPROCTAB conforme presenca de CODCONV
apto,ALTA,40833,278,Klammt - Classe II,278,,Klammt - Classe II,nome_exato + NROPROCTAB,[],nome preservado como chave semantica; codigo varia entre CODCONV e NROPROCTAB conforme presenca de CODCONV
apto,ALTA,40834,279,Klammt - Classe III,279,,Klammt - Classe III,nome_exato + NROPROCTAB,[],nome preservado como chave semantica; codigo varia entre CODCONV e NROPROCTAB conforme presenca de CODCONV
apto,ALTA,40835,280,Lip Bumper,280,,Lip Bumper,nome_exato + NROPROCTAB,[],nome preservado como chave semantica; codigo varia entre CODCONV e NROPROCTAB conforme presenca de CODCONV
apto,ALTA,40838,283,Mentoneira,283,,Mentoneira,nome_exato + NROPROCTAB,[],nome preservado como chave semantica; codigo varia entre CODCONV e NROPROCTAB conforme presenca de CODCONV
apto,ALTA,40839,284,Ortopedia funcional dos maxilares,284,,Ortopedia funcional dos maxilares,nome_exato + NROPROCTAB,[],nome preservado como chave semantica; codigo varia entre CODCONV e NROPROCTAB conforme presenca de CODCONV
apto,ALTA,40840,285,Palatina ou arco lingual,285,,Palatina ou arco lingual,nome_exato + NROPROCTAB,[],nome preservado como chave semantica; codigo varia entre CODCONV e NROPROCTAB conforme presenca de CODCONV
apto,ALTA,40841,286,Placa 7/7,286,,Placa 7/7,nome_exato + NROPROCTAB,[],nome preservado como chave semantica; codigo varia entre CODCONV e NROPROCTAB conforme presenca de CODCONV
apto,ALTA,40842,287,Placa acoplada ao uso de arco extra bucal,287,,Placa acoplada ao uso de arco extra bucal,nome_exato + NROPROCTAB,[],nome preservado como chave semantica; codigo varia entre CODCONV e NROPROCTAB conforme presenca de CODCONV
apto,ALTA,40843,288,Placa ativa com molas,288,,Placa ativa com molas,nome_exato + NROPROCTAB,[],nome preservado como chave semantica; codigo varia entre CODCONV e NROPROCTAB conforme presenca de CODCONV
apto,ALTA,40847,292,Placa com arco de controle dos caninos,292,,Placa com arco de controle dos caninos,nome_exato + NROPROCTAB,[],nome preservado como chave semantica; codigo varia entre CODCONV e NROPROCTAB conforme presenca de CODCONV
apto,ALTA,40848,293,Placa com arco seccionado para uso elasticos,293,,Placa com arco seccionado para uso elasticos,nome_exato + NROPROCTAB,[],nome preservado como chave semantica; codigo varia entre CODCONV e NROPROCTAB conforme presenca de CODCONV
apto,ALTA,40849,294,Placa com plano de mordida inclinado,294,,Placa com plano de mordida inclinado,nome_exato + NROPROCTAB,[],nome preservado como chave semantica; codigo varia entre CODCONV e NROPROCTAB conforme presenca de CODCONV
apto,ALTA,40850,295,Placa com plano de mordida posterior,295,,Placa com plano de mordida posterior,nome_exato + NROPROCTAB,[],nome preservado como chave semantica; codigo varia entre CODCONV e NROPROCTAB conforme presenca de CODCONV
apto,ALTA,40851,296,Placa com plano reto anterior,296,,Placa com plano reto anterior,nome_exato + NROPROCTAB,[],nome preservado como chave semantica; codigo varia entre CODCONV e NROPROCTAB conforme presenca de CODCONV
apto,ALTA,40854,299,Placa de Eschler,299,,Placa de Eschler,nome_exato + NROPROCTAB,[],nome preservado como chave semantica; codigo varia entre CODCONV e NROPROCTAB conforme presenca de CODCONV
apto,ALTA,40856,301,Placa de Hawley,301,,Placa de Hawley,nome_exato + NROPROCTAB,[],nome preservado como chave semantica; codigo varia entre CODCONV e NROPROCTAB conforme presenca de CODCONV
apto,ALTA,40857,302,Placa de Hawley invertido,302,,Placa de Hawley invertido,nome_exato + NROPROCTAB,[],nome preservado como chave semantica; codigo varia entre CODCONV e NROPROCTAB conforme presenca de CODCONV
apto,ALTA,40858,303,Placa de Mills,303,,Placa de Mills,nome_exato + NROPROCTAB,[],nome preservado como chave semantica; codigo varia entre CODCONV e NROPROCTAB conforme presenca de CODCONV
apto,ALTA,40860,305,Placa de Roberts,305,,Placa de Roberts,nome_exato + NROPROCTAB,[],nome preservado como chave semantica; codigo varia entre CODCONV e NROPROCTAB conforme presenca de CODCONV
apto,ALTA,40863,308,Placa labial ativa,308,,Placa labial ativa,nome_exato + NROPROCTAB,[],nome preservado como chave semantica; codigo varia entre CODCONV e NROPROCTAB conforme presenca de CODCONV
apto,ALTA,40866,311,Planas Compostas,311,,Planas Compostas,nome_exato + NROPROCTAB,[],nome preservado como chave semantica; codigo varia entre CODCONV e NROPROCTAB conforme presenca de CODCONV
apto,ALTA,40867,312,Planas Simples,312,,Planas Simples,nome_exato + NROPROCTAB,[],nome preservado como chave semantica; codigo varia entre CODCONV e NROPROCTAB conforme presenca de CODCONV
apto,ALTA,40869,314,Spling Retainer 3/3 4/4,314,,Spling Retainer 3/3 4/4,nome_exato + NROPROCTAB,[],nome preservado como chave semantica; codigo varia entre CODCONV e NROPROCTAB conforme presenca de CODCONV
apto,ALTA,40870,315,Twin Black,315,,Twin Black,nome_exato + NROPROCTAB,[],nome preservado como chave semantica; codigo varia entre CODCONV e NROPROCTAB conforme presenca de CODCONV
