procedimento_id,clinica_id,tabela_id,tabela_codigo,tabela_nome,codigo,nome_atual,nome_origem,categoria,chave_origem,caracteres_suspeitos,motivo,diferente
40778,1,18,4,PARTICULAR,223,Aparelho Autoligado (Arcada Inferior),,E,4:223,,sem correspondente unico na fonte,True
40779,1,18,4,PARTICULAR,224,Aparelho Autoligado (Arcada Superior),,E,4:224,,sem correspondente unico na fonte,True
40780,1,18,4,PARTICULAR,225,Aparelho de contenÆo,,E,4:225,Æ ,sem correspondente unico na fonte,True
40781,1,18,4,PARTICULAR,226,Aparelho em uma arcada conjugado c/ ap. auxiliar,,E,4:226,,sem correspondente unico na fonte,True
40782,1,18,4,PARTICULAR,227,Aparelho extra bucal,,E,4:227,,sem correspondente unico na fonte,True
40783,1,18,4,PARTICULAR,228,Aparelho Ortodntico Esttico em Porcelana - (Arcada Inferior),,E,4:228, ,sem correspondente unico na fonte,True
40784,1,18,4,PARTICULAR,229,Aparelho Ortodntico Esttico em Porcelana - (Arcada Superior),,E,4:229, ,sem correspondente unico na fonte,True
40785,1,18,4,PARTICULAR,230,Aparelho Ortodntico Esttico em Zafira - (Arcada Inferior),,E,4:230, ,sem correspondente unico na fonte,True
40786,1,18,4,PARTICULAR,231,Aparelho Ortodntico Esttico em Zafira - (Arcada Superior),,E,4:231, ,sem correspondente unico na fonte,True
40787,1,18,4,PARTICULAR,232,Aparelho Ortodntico Fixo - (Arcada Inferior),,E,4:232,,sem correspondente unico na fonte,True
40788,1,18,4,PARTICULAR,233,Aparelho Ortodntico Fixo - (Arcada Superior),,E,4:233,,sem correspondente unico na fonte,True
40789,1,18,4,PARTICULAR,234,Aparelho Ortopedico,,E,4:234,,sem correspondente unico na fonte,True
40790,1,18,4,PARTICULAR,235,Aparelho removivel,,E,4:235,,sem correspondente unico na fonte,True
40791,1,18,4,PARTICULAR,236,"Aparelhos auxiliares (extra-oral, ""Bumper"", etc)",,E,4:236,,sem correspondente unico na fonte,True
40792,1,18,4,PARTICULAR,237,Arco Palatino,,E,4:237,,sem correspondente unico na fonte,True
40793,1,18,4,PARTICULAR,238,Ativador de Haulp,,E,4:238,,sem correspondente unico na fonte,True
40794,1,18,4,PARTICULAR,239,Ativador de Rossi,,E,4:239,,sem correspondente unico na fonte,True
40795,1,18,4,PARTICULAR,240,Ativador de Zurick - Su¡a,,E,4:240, ¡,sem correspondente unico na fonte,True
40796,1,18,4,PARTICULAR,241,Bandagem (Tubo bracket),,E,4:241,,sem correspondente unico na fonte,True
40797,1,18,4,PARTICULAR,242,Bandagem (Tubo duplo),,E,4:242,,sem correspondente unico na fonte,True
40798,1,18,4,PARTICULAR,243,Bandagem (Tubo simples),,E,4:243,,sem correspondente unico na fonte,True
40799,1,18,4,PARTICULAR,244,Bandagem (Tubo triplo),,E,4:244,,sem correspondente unico na fonte,True
40800,1,18,4,PARTICULAR,245,Barra Transpalatina,,E,4:245,,sem correspondente unico na fonte,True
40801,1,18,4,PARTICULAR,246,Bi-hlice,,E,4:246,,sem correspondente unico na fonte,True
40802,1,18,4,PARTICULAR,247,Bio-ajustador - Tecnica MD3,,E,4:247,,sem correspondente unico na fonte,True
40803,1,18,4,PARTICULAR,248,Bionator - Super,,E,4:248,,sem correspondente unico na fonte,True
40804,1,18,4,PARTICULAR,249,Bionator de Balters - Classe I,,E,4:249,,sem correspondente unico na fonte,True
40805,1,18,4,PARTICULAR,250,Bionator de Balters - Classe II,,E,4:250,,sem correspondente unico na fonte,True
40806,1,18,4,PARTICULAR,251,Bionator de Balters - Classe III,,E,4:251,,sem correspondente unico na fonte,True
40807,1,18,4,PARTICULAR,252,Blinler - A,,E,4:252,,sem correspondente unico na fonte,True
40808,1,18,4,PARTICULAR,253,Blinler - B,,E,4:253,,sem correspondente unico na fonte,True
40809,1,18,4,PARTICULAR,254,Blinler - C,,E,4:254,,sem correspondente unico na fonte,True
40810,1,18,4,PARTICULAR,255,BotÆo de Nance,,E,4:255,Æ,sem correspondente unico na fonte,True
40811,1,18,4,PARTICULAR,256,"Bracket (Bracket 0,18"" x 0,25"")",,E,4:256,,sem correspondente unico na fonte,True
40812,1,18,4,PARTICULAR,257,"Bracket (Bracket 0,18"" x 0,30"")",,E,4:257,,sem correspondente unico na fonte,True
40813,1,18,4,PARTICULAR,258,"Bracket (Bracket 0,22"" x 0,28"")",,E,4:258,,sem correspondente unico na fonte,True
40814,1,18,4,PARTICULAR,259,Bracket (Bracket Straight-Wire),,E,4:259,,sem correspondente unico na fonte,True
40815,1,18,4,PARTICULAR,260,ContenÆo Fixa Lingual,,E,4:260,Æ ,sem correspondente unico na fonte,True
40816,1,18,4,PARTICULAR,261,ContenÆo m¢vel - (Placa de acet to),,E,4:261,¢ Æ ,sem correspondente unico na fonte,True
40817,1,18,4,PARTICULAR,262,Disjuntor de Hass,,E,4:262,,sem correspondente unico na fonte,True
40818,1,18,4,PARTICULAR,263,Disjuntor de Hirax,,E,4:263,,sem correspondente unico na fonte,True
40819,1,18,4,PARTICULAR,264,Disjuntor Hirax RC,,E,4:264,,sem correspondente unico na fonte,True
40820,1,18,4,PARTICULAR,265,Disjuntor MC Namara - Resina,,E,4:265,,sem correspondente unico na fonte,True
40821,1,18,4,PARTICULAR,266,Disjuntor MC Namara com Hirax,,E,4:266,,sem correspondente unico na fonte,True
40822,1,18,4,PARTICULAR,267,Disjuntor Omar Gabriel,,E,4:267,,sem correspondente unico na fonte,True
40823,1,18,4,PARTICULAR,268,Distabilizador Pendex com Pndulo,,E,4:268,,sem correspondente unico na fonte,True
40824,1,18,4,PARTICULAR,269,Djuntor palatino,,E,4:269,,sem correspondente unico na fonte,True
40825,1,18,4,PARTICULAR,270,DocumentaÆo ortodntica,,E,4:270,Æ  ,sem correspondente unico na fonte,True
40826,1,18,4,PARTICULAR,271,Frankel - Classe I,,E,4:271,,sem correspondente unico na fonte,True
40827,1,18,4,PARTICULAR,272,Frankel - Classe II,,E,4:272,,sem correspondente unico na fonte,True
40828,1,18,4,PARTICULAR,273,Frankel - Classe III,,E,4:273,,sem correspondente unico na fonte,True
40829,1,18,4,PARTICULAR,274,Frankel - Mordida Aberta,,E,4:274,,sem correspondente unico na fonte,True
40830,1,18,4,PARTICULAR,275,Grade palatina fixa,,E,4:275,,sem correspondente unico na fonte,True
40831,1,18,4,PARTICULAR,276,Grade palatina m¢vel,,E,4:276,¢,sem correspondente unico na fonte,True
40832,1,18,4,PARTICULAR,277,Klammt - Classe I,,E,4:277,,sem correspondente unico na fonte,True
40833,1,18,4,PARTICULAR,278,Klammt - Classe II,,E,4:278,,sem correspondente unico na fonte,True
40834,1,18,4,PARTICULAR,279,Klammt - Classe III,,E,4:279,,sem correspondente unico na fonte,True
40835,1,18,4,PARTICULAR,280,Lip Bumper,,E,4:280,,sem correspondente unico na fonte,True
40836,1,18,4,PARTICULAR,281,Mantenedor de espao,,E,4:281,,sem correspondente unico na fonte,True
40837,1,18,4,PARTICULAR,282,ManutenÆo ortodntico - (Mensal),,E,4:282,Æ  ,sem correspondente unico na fonte,True
40838,1,18,4,PARTICULAR,283,Mentoneira,,E,4:283,,sem correspondente unico na fonte,True
40839,1,18,4,PARTICULAR,284,Ortopedia funcional dos maxilares,,E,4:284,,sem correspondente unico na fonte,True
40840,1,18,4,PARTICULAR,285,Palatina ou arco lingual,,E,4:285,,sem correspondente unico na fonte,True
40841,1,18,4,PARTICULAR,286,Placa 7/7,,E,4:286,,sem correspondente unico na fonte,True
40842,1,18,4,PARTICULAR,287,Placa acoplada ao uso de arco extra bucal,,E,4:287,,sem correspondente unico na fonte,True
40843,1,18,4,PARTICULAR,288,Placa ativa com molas,,E,4:288,,sem correspondente unico na fonte,True
40844,1,18,4,PARTICULAR,289,Placa com arco ala dupla para expanÆo Y,,E,4:289,Æ ,sem correspondente unico na fonte,True
40845,1,18,4,PARTICULAR,290,Placa com arco de contenÆo cont¡nua,,E,4:290,Æ  ¡,sem correspondente unico na fonte,True
40846,1,18,4,PARTICULAR,291,Placa com arco de contenÆo de Baag,,E,4:291,Æ ,sem correspondente unico na fonte,True
40847,1,18,4,PARTICULAR,292,Placa com arco de controle dos caninos,,E,4:292,,sem correspondente unico na fonte,True
40848,1,18,4,PARTICULAR,293,Placa com arco seccionado para uso elasticos,,E,4:293,,sem correspondente unico na fonte,True
40849,1,18,4,PARTICULAR,294,Placa com plano de mordida inclinado,,E,4:294,,sem correspondente unico na fonte,True
40850,1,18,4,PARTICULAR,295,Placa com plano de mordida posterior,,E,4:295,,sem correspondente unico na fonte,True
40851,1,18,4,PARTICULAR,296,Placa com plano reto anterior,,E,4:296,,sem correspondente unico na fonte,True
40852,1,18,4,PARTICULAR,297,Placa de Apnia,,E,4:297,,sem correspondente unico na fonte,True
40853,1,18,4,PARTICULAR,298,Placa de ativaÆo mandibular,,E,4:298,Æ ,sem correspondente unico na fonte,True
40854,1,18,4,PARTICULAR,299,Placa de Eschler,,E,4:299,,sem correspondente unico na fonte,True
40855,1,18,4,PARTICULAR,300,Placa de expansÆo para mordida cruzada,,E,4:300,Æ,sem correspondente unico na fonte,True
40856,1,18,4,PARTICULAR,301,Placa de Hawley,,E,4:301,,sem correspondente unico na fonte,True
40857,1,18,4,PARTICULAR,302,Placa de Hawley invertido,,E,4:302,,sem correspondente unico na fonte,True
40858,1,18,4,PARTICULAR,303,Placa de Mills,,E,4:303,,sem correspondente unico na fonte,True
40859,1,18,4,PARTICULAR,304,Placa de ocupaÆo lingual,,E,4:304,Æ ,sem correspondente unico na fonte,True
40860,1,18,4,PARTICULAR,305,Placa de Roberts,,E,4:305,,sem correspondente unico na fonte,True
40861,1,18,4,PARTICULAR,306,Placa dupla de avano - Piamant,,E,4:306,,sem correspondente unico na fonte,True
40862,1,18,4,PARTICULAR,307,Placa interceptora de h bito,,E,4:307,,sem correspondente unico na fonte,True
40863,1,18,4,PARTICULAR,308,Placa labial ativa,,E,4:308,,sem correspondente unico na fonte,True
40864,1,18,4,PARTICULAR,309,Placa mantenedora de espao.,,E,4:309,,sem correspondente unico na fonte,True
40865,1,18,4,PARTICULAR,310,Placa recuperadora de espao,,E,4:310,,sem correspondente unico na fonte,True
40866,1,18,4,PARTICULAR,311,Planas Compostas,,E,4:311,,sem correspondente unico na fonte,True
40867,1,18,4,PARTICULAR,312,Planas Simples,,E,4:312,,sem correspondente unico na fonte,True
40868,1,18,4,PARTICULAR,313,Quadri-hlice,,E,4:313,,sem correspondente unico na fonte,True
40869,1,18,4,PARTICULAR,314,Spling Retainer 3/3 4/4,,E,4:314,,sem correspondente unico na fonte,True
40870,1,18,4,PARTICULAR,315,Twin Black,,E,4:315,,sem correspondente unico na fonte,True
40871,1,18,4,PARTICULAR,316,"Vilma Simäes - SN1, SN2, SN3, SN4, SN5",,E,4:316,,sem correspondente unico na fonte,True
40872,1,18,4,PARTICULAR,317,"Vilma Simäes - SN6, SN7",,E,4:317,,sem correspondente unico na fonte,True
40878,1,18,4,PARTICULAR,323,Alinhadores Estticos,,E,4:323,,sem correspondente unico na fonte,True
40891,1,18,4,PARTICULAR,336,RemoÆo de aparelho ortodontico fixo.,,E,4:336,Æ ,sem correspondente unico na fonte,True
40712,1,18,4,PARTICULAR,1000,AplicaÆo de Cariost tico - (sessÆo),,E,4:1000,Æ ,sem correspondente unico na fonte,True
40713,1,18,4,PARTICULAR,1010,AplicaÆo de Fl£or Verniz - (por elemento),,E,4:1010,Æ ,sem correspondente unico na fonte,True
40714,1,18,4,PARTICULAR,1020,AplicaÆo de Selnate Oclusa Invasivo - (por elemento),,E,4:1020,Æ ,sem correspondente unico na fonte,True
40715,1,18,4,PARTICULAR,1030,AplicaÆo T¢pica de Fl£or,,E,4:1030,¢ Æ ,sem correspondente unico na fonte,True
40716,1,18,4,PARTICULAR,1040,Controle da Placa Bacteriana - (por sessÆo),,E,4:1040,Æ,sem correspondente unico na fonte,True
40717,1,18,4,PARTICULAR,1050,InstruÆo de Higiene Oral - (I.H.O.),,E,4:1050,Æ ,sem correspondente unico na fonte,True
40718,1,18,4,PARTICULAR,1060,Profilaxia - (Polimento com taa de borracha),,E,4:1060,,sem correspondente unico na fonte,True
40719,1,18,4,PARTICULAR,1070,Profilaxia - (Ultrason e Jato de Bicarbonato),,E,4:1070,,sem correspondente unico na fonte,True
40720,1,18,4,PARTICULAR,1080,Teste de fluxo salivar,,E,4:1080,,sem correspondente unico na fonte,True
40721,1,18,4,PARTICULAR,1090,Teste de Risco de C rie,,E,4:1090,,sem correspondente unico na fonte,True
40652,1,18,4,PARTICULAR,2000,CimentaÆo de Coroa Total Definitiva,,E,4:2000,Æ ,sem correspondente unico na fonte,True
40653,1,18,4,PARTICULAR,2010,CimentaÆo de Coroa Total Provis¢ria,,E,4:2010,¢ Æ ,sem correspondente unico na fonte,True
40886,1,18,4,PARTICULAR,2011,CimentaÆo adesiva,,E,4:2011,Æ ,sem correspondente unico na fonte,True
40654,1,18,4,PARTICULAR,2020,CimentaÆo de N£cleo Met lico Fundido,,E,4:2020,Æ ,sem correspondente unico na fonte,True
40655,1,18,4,PARTICULAR,2030,CimentaÆo de Pr¢tese Parcial Fixa,,E,4:2030,¢ Æ ,sem correspondente unico na fonte,True
40656,1,18,4,PARTICULAR,2040,Consulta de adaptaÆo Psicol¢gica,,E,4:2040,¢ Æ ,sem correspondente unico na fonte,True
40657,1,18,4,PARTICULAR,2050,Consulta de Emergncia,,E,4:2050,,sem correspondente unico na fonte,True
40658,1,18,4,PARTICULAR,2060,"Consulta de Emergncia - (S bado, Domingo e Feriado)",,E,4:2060,,sem correspondente unico na fonte,True
40659,1,18,4,PARTICULAR,2070,Consulta de Emergncia Noturna - (22:00 s 06:00 hs),,E,4:2070,,sem correspondente unico na fonte,True
40660,1,18,4,PARTICULAR,2080,Consulta Inicial para Exame cl¡nico,,E,4:2080,¡,sem correspondente unico na fonte,True
40880,1,18,4,PARTICULAR,2081,Consulta de ReavaliaÆo Cl¡nica,,E,4:2081,Æ  ¡,sem correspondente unico na fonte,True
40661,1,18,4,PARTICULAR,2090,Curativo,,E,4:2090,,sem correspondente unico na fonte,True
40662,1,18,4,PARTICULAR,2100,Exame para Per¡cia Inicial e Final,,E,4:2100,¡,sem correspondente unico na fonte,True
40663,1,18,4,PARTICULAR,2110,Modelo de Estudo - (Superior e Infeiror),,E,4:2110,,sem correspondente unico na fonte,True
40889,1,18,4,PARTICULAR,2111,Foto extra-oral,,E,4:2111,,sem correspondente unico na fonte,True
40664,1,18,4,PARTICULAR,2120,Radiografia Bite-Wing - (inter-proximal),,E,4:2120,,sem correspondente unico na fonte,True
40665,1,18,4,PARTICULAR,2130,Radiografia Oclusal,,E,4:2130,,sem correspondente unico na fonte,True
40666,1,18,4,PARTICULAR,2140,Radiografia Periapical,,E,4:2140,,sem correspondente unico na fonte,True
40674,1,18,4,PARTICULAR,3000,Abertura de implante - (Giro de retalho),,E,4:3000,,sem correspondente unico na fonte,True
40675,1,18,4,PARTICULAR,3010,Abertura de implante - (Osteotomia),,E,4:3010,,sem correspondente unico na fonte,True
40676,1,18,4,PARTICULAR,3020,Abertura de implante - (Plastia),,E,4:3020,,sem correspondente unico na fonte,True
40677,1,18,4,PARTICULAR,3030,Abertura de implante mand. - (Enxerto Livre),,E,4:3030,,sem correspondente unico na fonte,True
40678,1,18,4,PARTICULAR,3040,Abertura de implante mand. - (Osteotomia e Livre),,E,4:3040,,sem correspondente unico na fonte,True
40679,1,18,4,PARTICULAR,3050,Aumento de Coroa Cl¡nica - (Osteotomia e deslize apical),,E,4:3050,¡,sem correspondente unico na fonte,True
40680,1,18,4,PARTICULAR,3060,Aumento de Coroa Cl¡nica - (Osteotomia),,E,4:3060,¡,sem correspondente unico na fonte,True
40681,1,18,4,PARTICULAR,3070,Aumento de Coroa Cl¡nica - (Plastia),,E,4:3070,¡,sem correspondente unico na fonte,True
40682,1,18,4,PARTICULAR,3080,Bridectomia,,E,4:3080,,sem correspondente unico na fonte,True
40683,1,18,4,PARTICULAR,3090,Cirurgia para colagem de botÆo Ortodntico,,E,4:3090,Æ ,sem correspondente unico na fonte,True
40684,1,18,4,PARTICULAR,3100,Cirurgia para colagem de botÆo Ortodntico com osteotomia,,E,4:3100,Æ ,sem correspondente unico na fonte,True
40685,1,18,4,PARTICULAR,3110,Cirurgia para Odonto-secÆo - (por elemento),,E,4:3110,Æ ,sem correspondente unico na fonte,True
40686,1,18,4,PARTICULAR,3120,Cirurgia para Rizectomia,,E,4:3120,,sem correspondente unico na fonte,True
40687,1,18,4,PARTICULAR,3130,Enxerto de conjuntivo / tunelizaÆo,,E,4:3130,Æ ,sem correspondente unico na fonte,True
40688,1,18,4,PARTICULAR,3140,Cirurgia Periodontal a retalho - (1 elemento),,E,4:3140,,sem correspondente unico na fonte,True
40689,1,18,4,PARTICULAR,3150,Cirurgia Periodontal a retalho - (por segmento),,E,4:3150,,sem correspondente unico na fonte,True
40690,1,18,4,PARTICULAR,3160,Cunha Distal ou Proximal,,E,4:3160,,sem correspondente unico na fonte,True
40691,1,18,4,PARTICULAR,3170,Enxerto de Tecido Conjuntivo,,E,4:3170,,sem correspondente unico na fonte,True
40692,1,18,4,PARTICULAR,3180,Enxerto Gengival Livre,,E,4:3180,,sem correspondente unico na fonte,True
40693,1,18,4,PARTICULAR,3190,Enxerto Osseo RTG - (RegeneraÆo Tecidual Guiada),,E,4:3190,Æ ,sem correspondente unico na fonte,True
40694,1,18,4,PARTICULAR,3200,Enxerto Pediculado - (por elemento),,E,4:3200,,sem correspondente unico na fonte,True
40695,1,18,4,PARTICULAR,3210,Enxerto por Tracionamento de Vestibulo - (por elemento),,E,4:3210,,sem correspondente unico na fonte,True
40696,1,18,4,PARTICULAR,3220,Enxerto por Tracionamento de Vestibulo - (por segmento),,E,4:3220,,sem correspondente unico na fonte,True
40697,1,18,4,PARTICULAR,3230,Frenectomia labial inferior,,E,4:3230,,sem correspondente unico na fonte,True
40698,1,18,4,PARTICULAR,3240,Frenectomia labial superior,,E,4:3240,,sem correspondente unico na fonte,True
40699,1,18,4,PARTICULAR,3250,Frenotomia L bial Inferior,,E,4:3250,,sem correspondente unico na fonte,True
40700,1,18,4,PARTICULAR,3260,Frenotomia L bial Superior,,E,4:3260,,sem correspondente unico na fonte,True
40701,1,18,4,PARTICULAR,3270,Frenotomia Lingual,,E,4:3270,,sem correspondente unico na fonte,True
40702,1,18,4,PARTICULAR,3280,Gengivectomia ou Gengivoplastia - (por elemento),,E,4:3280,,sem correspondente unico na fonte,True
40703,1,18,4,PARTICULAR,3290,Gengivectomia ou Gengivoplastia - (por segmento),,E,4:3290,,sem correspondente unico na fonte,True
40704,1,18,4,PARTICULAR,3300,Gengivectomia palatina / lingual - (por elemento),,E,4:3300,,sem correspondente unico na fonte,True
40705,1,18,4,PARTICULAR,3310,Gengivectomia palatina / lingual - (por segmento),,E,4:3310,,sem correspondente unico na fonte,True
40706,1,18,4,PARTICULAR,3320,ManutenÆo Periodontal - (por sessÆo),,E,4:3320,Æ ,sem correspondente unico na fonte,True
40707,1,18,4,PARTICULAR,3330,Raspagem Sub-gengival e Curetagem de bolsa - (por segmento),,E,4:3330,,sem correspondente unico na fonte,True
40708,1,18,4,PARTICULAR,3340,Raspagem Supra-gengival - (por segmento),,E,4:3340,,sem correspondente unico na fonte,True
40709,1,18,4,PARTICULAR,3350,RemoÆo de Fatores de RetenÆo - (por segmento),,E,4:3350,Æ ,sem correspondente unico na fonte,True
40710,1,18,4,PARTICULAR,3360,Sepultamento Radicular - (por raiz),,E,4:3360,,sem correspondente unico na fonte,True
40711,1,18,4,PARTICULAR,3370,Ulectomia,,E,4:3370,,sem correspondente unico na fonte,True
40624,1,18,4,PARTICULAR,4000,Apicectomia em Incisivos com enxerto leofilizado,,E,4:4000,,sem correspondente unico na fonte,True
40625,1,18,4,PARTICULAR,4010,Apicectomia em Incisivos com obturaÆo retr¢grada,,E,4:4010,¢ Æ ,sem correspondente unico na fonte,True
40626,1,18,4,PARTICULAR,4020,Apicectomia em Incisivos curetagem apical,,E,4:4020,,sem correspondente unico na fonte,True
40627,1,18,4,PARTICULAR,4030,Apicectomia em Molares com enxerto leofilizado,,E,4:4030,,sem correspondente unico na fonte,True
40628,1,18,4,PARTICULAR,4040,Apicectomia em Molares com obturaÆo retr¢grada,,E,4:4040,¢ Æ ,sem correspondente unico na fonte,True
40629,1,18,4,PARTICULAR,4050,Apicectomia em Molares curetagem apical,,E,4:4050,,sem correspondente unico na fonte,True
40630,1,18,4,PARTICULAR,4060,Apicectomia em Pr-molares com enxerto leofilizado,,E,4:4060,,sem correspondente unico na fonte,True
40631,1,18,4,PARTICULAR,4070,Apicectomia em Pr-molares com obturaÆo retr¢grada,,E,4:4070,¢ Æ  ,sem correspondente unico na fonte,True
40632,1,18,4,PARTICULAR,4080,Apicectomia em Pr-molares curetagem apical,,E,4:4080,,sem correspondente unico na fonte,True
40633,1,18,4,PARTICULAR,4090,Clareamento Interno,,E,4:4090,,sem correspondente unico na fonte,True
40634,1,18,4,PARTICULAR,4100,DesobturaÆo de canal,,E,4:4100,Æ ,sem correspondente unico na fonte,True
40635,1,18,4,PARTICULAR,4110,Preparo para N£cleo intra-radicular,,E,4:4110,,sem correspondente unico na fonte,True
40636,1,18,4,PARTICULAR,4120,Pulpotomia,,E,4:4120,,sem correspondente unico na fonte,True
40637,1,18,4,PARTICULAR,4130,Reimplante dentes avuls. trauma + ap. contenÆo,,E,4:4130,Æ ,sem correspondente unico na fonte,True
40638,1,18,4,PARTICULAR,4140,RemoÆo de Coroal Total,,E,4:4140,Æ ,sem correspondente unico na fonte,True
40639,1,18,4,PARTICULAR,4150,RemoÆo de n£cleo intraradicular,,E,4:4150,Æ ,sem correspondente unico na fonte,True
40640,1,18,4,PARTICULAR,4160,Retratamento de Canal - (Incisivos),,E,4:4160,,sem correspondente unico na fonte,True
40641,1,18,4,PARTICULAR,4170,Retratamento de Canal - (Molares com 4 ou mais condutos),,E,4:4170,,sem correspondente unico na fonte,True
40642,1,18,4,PARTICULAR,4180,Retratamento de Canal - (Molares),,E,4:4180,,sem correspondente unico na fonte,True
40643,1,18,4,PARTICULAR,4190,Retratamento de Canal - (Pr-molares),,E,4:4190,,sem correspondente unico na fonte,True
40644,1,18,4,PARTICULAR,4200,Tratamento cirurgico de lesÆo endo-perio - (Curetagem),,E,4:4200,Æ,sem correspondente unico na fonte,True
40645,1,18,4,PARTICULAR,4210,Tratamento cirurgico de lesÆo endo-perio com enxerto leofilizado,,E,4:4210,Æ,sem correspondente unico na fonte,True
40646,1,18,4,PARTICULAR,4220,Tratamento de Canal - (Incisivos),,E,4:4220,,sem correspondente unico na fonte,True
40647,1,18,4,PARTICULAR,4230,Tratamento de Canal - (Molares com mais de 3 condutos),,E,4:4230,,sem correspondente unico na fonte,True
40648,1,18,4,PARTICULAR,4240,Tratamento de Canal - (Molares),,E,4:4240,,sem correspondente unico na fonte,True
40649,1,18,4,PARTICULAR,4250,Tratamento de Canal - (Pr-molares),,E,4:4250,,sem correspondente unico na fonte,True
40650,1,18,4,PARTICULAR,4260,Tratamento de dentes c/ rizogenese incompleta - (Por sessÆo),,E,4:4260,Æ,sem correspondente unico na fonte,True
40651,1,18,4,PARTICULAR,4270,Tratamento de Trepanaäes / Perfuraäes,,E,4:4270,,sem correspondente unico na fonte,True
40595,1,18,4,PARTICULAR,5000,AdequaÆo de meio bucal,,E,4:5000,Æ ,sem correspondente unico na fonte,True
40596,1,18,4,PARTICULAR,5010,Ajuste oclusal - (por sessÆo),,E,4:5010,Æ,sem correspondente unico na fonte,True
40597,1,18,4,PARTICULAR,5020,Capeamento pulpar,,E,4:5020,,sem correspondente unico na fonte,True
40598,1,18,4,PARTICULAR,5030,Clareamento - (Caseiro),,E,4:5030,,sem correspondente unico na fonte,True
40599,1,18,4,PARTICULAR,5040,Clareamento - (Laser),,E,4:5040,,sem correspondente unico na fonte,True
40600,1,18,4,PARTICULAR,5050,Clareamento interno - (dentes desvitalizados),,E,4:5050,,sem correspondente unico na fonte,True
40601,1,18,4,PARTICULAR,5060,DessensibilizaÆo dent ria - (por elemento),,E,4:5060,Æ ,sem correspondente unico na fonte,True
40602,1,18,4,PARTICULAR,5070,Faceta em resina direta - (Dentes anteriores),,E,4:5070,,sem correspondente unico na fonte,True
40603,1,18,4,PARTICULAR,5080,ImobilizaÆo dent ria com resina fotopolimeriz vel,,E,4:5080,Æ ,sem correspondente unico na fonte,True
40604,1,18,4,PARTICULAR,5090,ImobilizaÆo dent ria (esplintagem),,E,4:5090,Æ ,sem correspondente unico na fonte,True
40606,1,18,4,PARTICULAR,5100,N£cleo de preenchimento em ionmetro de vidro,,E,4:5100,,sem correspondente unico na fonte,True
40607,1,18,4,PARTICULAR,5110,N£cleo de preenchimento em resina,,E,4:5110,,sem correspondente unico na fonte,True
40608,1,18,4,PARTICULAR,5120,N£cleo fibra de vidro,,E,4:5120,,sem correspondente unico na fonte,True
40605,1,18,4,PARTICULAR,5121,N£cleo de preenchimento,,E,4:5121,,sem correspondente unico na fonte,True
40609,1,18,4,PARTICULAR,5130,N£cleo met lico pr-fabricado,,E,4:5130,,sem correspondente unico na fonte,True
40610,1,18,4,PARTICULAR,5140,N£cleo rosqueavel - (Roach),,E,4:5140,,sem correspondente unico na fonte,True
40611,1,18,4,PARTICULAR,5150,Polimento e Acabamento,,E,4:5150,,sem correspondente unico na fonte,True
40612,1,18,4,PARTICULAR,5160,ReconstruÆo em Resina Direta - (+ de 3 Faces),,E,4:5160,Æ ,sem correspondente unico na fonte,True
40613,1,18,4,PARTICULAR,5170,RestauraÆo de Am lgama - 1 face,,E,4:5170,Æ ,sem correspondente unico na fonte,True
40614,1,18,4,PARTICULAR,5180,RestauraÆo de Am lgama - 2 faces,,E,4:5180,Æ ,sem correspondente unico na fonte,True
40615,1,18,4,PARTICULAR,5190,RestauraÆo de Am lgama - 3 faces,,E,4:5190,Æ ,sem correspondente unico na fonte,True
40616,1,18,4,PARTICULAR,5200,Procedimento 5200,,E,4:5200,,sem correspondente unico na fonte,True
40617,1,18,4,PARTICULAR,5210,RestauraÆo em Resina Direta - (1 Face),,E,4:5210,Æ ,sem correspondente unico na fonte,True
40618,1,18,4,PARTICULAR,5220,RestauraÆo em Resina Direta - (2 Faces),,E,4:5220,Æ ,sem correspondente unico na fonte,True
40619,1,18,4,PARTICULAR,5230,RestauraÆo em Resina Direta - (3 Faces),,E,4:5230,Æ ,sem correspondente unico na fonte,True
40620,1,18,4,PARTICULAR,5240,RestauraÆo em Resina Direta - (Classe IV),,E,4:5240,Æ ,sem correspondente unico na fonte,True
40621,1,18,4,PARTICULAR,5250,RestauraÆo em Resina Direta - (Classe V),,E,4:5250,Æ ,sem correspondente unico na fonte,True
40622,1,18,4,PARTICULAR,5260,RestauraÆo tempor ria (IRM ou similar),,E,4:5260,Æ ,sem correspondente unico na fonte,True
40623,1,18,4,PARTICULAR,5270,Tratamento Expectante com H. C lcio,,E,4:5270,,sem correspondente unico na fonte,True
40557,1,18,4,PARTICULAR,6000,Alveoloplastia ou alveolotomia - (at 3 elementos),,E,4:6000,,sem correspondente unico na fonte,True
40558,1,18,4,PARTICULAR,6010,Alveoloplastica ou alveolotomia - (por sextante),,E,4:6010,,sem correspondente unico na fonte,True
40559,1,18,4,PARTICULAR,6020,Bi¢psia,,E,4:6020,¢,sem correspondente unico na fonte,True
40560,1,18,4,PARTICULAR,6030,Cirurgia de Hipertrofia de L bio,,E,4:6030,,sem correspondente unico na fonte,True
40561,1,18,4,PARTICULAR,6040,Cirurgia para Cisto de Desenvolvimento,,E,4:6040,,sem correspondente unico na fonte,True
40562,1,18,4,PARTICULAR,6050,Cirurgia para Microstomia,,E,4:6050,,sem correspondente unico na fonte,True
40563,1,18,4,PARTICULAR,6060,Cirurgia para Osteoma e Odontoma,,E,4:6060,,sem correspondente unico na fonte,True
40564,1,18,4,PARTICULAR,6070,Cirurgia para torus palatino unilateral,,E,4:6070,,sem correspondente unico na fonte,True
40565,1,18,4,PARTICULAR,6080,Ciurgia para torus mandibular bilateral,,E,4:6080,,sem correspondente unico na fonte,True
40566,1,18,4,PARTICULAR,6090,Ciurgia para t¢rus mandibular unilateral,,E,4:6090,¢,sem correspondente unico na fonte,True
40567,1,18,4,PARTICULAR,6100,Cirurgia para torus palatino bilateral,,E,4:6100,,sem correspondente unico na fonte,True
40568,1,18,4,PARTICULAR,6110,CorreÆo de bridas musculares,,E,4:6110,Æ ,sem correspondente unico na fonte,True
40569,1,18,4,PARTICULAR,6120,Drenagem de abcesso por via intra ou extra-oral,,E,4:6120,,sem correspondente unico na fonte,True
40570,1,18,4,PARTICULAR,6130,Cirurgia explorat¢ria,,E,4:6130,¢,sem correspondente unico na fonte,True
40571,1,18,4,PARTICULAR,6140,ExcisÆo de glndula par¢tida,,E,4:6140,¢ Æ,sem correspondente unico na fonte,True
40572,1,18,4,PARTICULAR,6150,ExcisÆo de glndula sublingual,,E,4:6150,Æ,sem correspondente unico na fonte,True
40573,1,18,4,PARTICULAR,6160,ExcisÆo de glndula submandibular,,E,4:6160,Æ,sem correspondente unico na fonte,True
40574,1,18,4,PARTICULAR,6170,ExcisÆo de Mucocele,,E,4:6170,Æ,sem correspondente unico na fonte,True
40575,1,18,4,PARTICULAR,6180,ExcisÆo de rnula,,E,4:6180,Æ,sem correspondente unico na fonte,True
40576,1,18,4,PARTICULAR,6190,ExcisÆo de tumores odontognicos at 3 cm,,E,4:6190,Æ  ,sem correspondente unico na fonte,True
40577,1,18,4,PARTICULAR,6200,Exodontia de dec¡duos,,E,4:6200,¡,sem correspondente unico na fonte,True
40578,1,18,4,PARTICULAR,6210,Exodontia de incluso,,E,4:6210,,sem correspondente unico na fonte,True
40579,1,18,4,PARTICULAR,6220,Exodontia de incluso impactado,,E,4:6220,,sem correspondente unico na fonte,True
40580,1,18,4,PARTICULAR,6230,Exodontia de raiz residual,,E,4:6230,,sem correspondente unico na fonte,True
40581,1,18,4,PARTICULAR,6240,Exodontia de raiz residual com retalho,,E,4:6240,,sem correspondente unico na fonte,True
40582,1,18,4,PARTICULAR,6250,Exodontia de semi-incluso,,E,4:6250,,sem correspondente unico na fonte,True
40583,1,18,4,PARTICULAR,6260,Exodontia + Enxerto + membrana,,E,4:6260,,sem correspondente unico na fonte,True
40584,1,18,4,PARTICULAR,6270,Exodontia simples - (Anteriores),,E,4:6270,,sem correspondente unico na fonte,True
40585,1,18,4,PARTICULAR,6280,Exodontia simples - (Posteriores),,E,4:6280,,sem correspondente unico na fonte,True
40586,1,18,4,PARTICULAR,6290,Fraturas alvdio-dent rias - reduÆo cruenta,,E,4:6290,Æ  ,sem correspondente unico na fonte,True
40587,1,18,4,PARTICULAR,6300,MarzupializaÆo de cisto,,E,4:6300,Æ ,sem correspondente unico na fonte,True
40588,1,18,4,PARTICULAR,6310,ReconstruÆo parcial do l bio traumatizado,,E,4:6310,Æ ,sem correspondente unico na fonte,True
40589,1,18,4,PARTICULAR,6320,ReconstruÆo total do l bio traumatizado,,E,4:6320,Æ ,sem correspondente unico na fonte,True
40590,1,18,4,PARTICULAR,6330,Suturas m£ltiplas da face ou l bio,,E,4:6330,,sem correspondente unico na fonte,True
40591,1,18,4,PARTICULAR,6340,Suturas simples da face ou l bio,,E,4:6340,,sem correspondente unico na fonte,True
40592,1,18,4,PARTICULAR,6350,Tratamento de alveolite,,E,4:6350,,sem correspondente unico na fonte,True
40593,1,18,4,PARTICULAR,6360,Tratamento de hemorragia,,E,4:6360,,sem correspondente unico na fonte,True
40594,1,18,4,PARTICULAR,6370,Tratamento cir£rgico do l bio leporino,,E,4:6370,,sem correspondente unico na fonte,True
40668,1,18,4,PARTICULAR,7000,Implante - (tcnica de Sammers),,E,4:7000,,sem correspondente unico na fonte,True
40669,1,18,4,PARTICULAR,7010,Implante (RTG),,E,4:7010,,sem correspondente unico na fonte,True
40672,1,18,4,PARTICULAR,7020,Implante ¢sseo integr vel - Standard,,E,4:7020,¢,sem correspondente unico na fonte,True
40671,1,18,4,PARTICULAR,7021,Implante ¢sseo integr vel - H. Interno,,E,4:7021,¢,sem correspondente unico na fonte,True
40670,1,18,4,PARTICULAR,7022,Implante ¢sseo integr vel - Cone Morse,,E,4:7022,¢,sem correspondente unico na fonte,True
40887,1,18,4,PARTICULAR,7023,Implante Cone Morse + Enxerto,,E,4:7023,,sem correspondente unico na fonte,True
40673,1,18,4,PARTICULAR,7030,RemoÆo de implante,,E,4:7030,Æ ,sem correspondente unico na fonte,True
40667,1,18,4,PARTICULAR,7040,Enxerto Osseo Particulado + Membrana colageno.,,E,4:7040,,sem correspondente unico na fonte,True
40876,1,18,4,PARTICULAR,7050,Levanto de seio maxilar,,E,4:7050,,sem correspondente unico na fonte,True
40881,1,18,4,PARTICULAR,7060,Implante Zigom tico,,E,4:7060,,sem correspondente unico na fonte,True
40892,1,18,4,PARTICULAR,7070,RegeneraÆo ¢ssea guiada - ROG,,E,4:7070,¢ Æ ,sem correspondente unico na fonte,True
40722,1,18,4,PARTICULAR,8000,Attachment,,E,4:8000,,sem correspondente unico na fonte,True
40723,1,18,4,PARTICULAR,8010,Casquete de moldagem,,E,4:8010,,sem correspondente unico na fonte,True
40724,1,18,4,PARTICULAR,8020,Conserto de Pr¢tese Total e Parcial,,E,4:8020,¢,sem correspondente unico na fonte,True
40725,1,18,4,PARTICULAR,8030,Coroa em Resina Prensada,,E,4:8030,,sem correspondente unico na fonte,True
40726,1,18,4,PARTICULAR,8040,Coroa em Resina Sinfony,,E,4:8040,,sem correspondente unico na fonte,True
40727,1,18,4,PARTICULAR,8050,Coroa em Resina sob implante,,E,4:8050,,sem correspondente unico na fonte,True
40728,1,18,4,PARTICULAR,8060,Coroa Metal-free - (Cerampress),,E,4:8060,,sem correspondente unico na fonte,True
40729,1,18,4,PARTICULAR,8070,Coroa Metal-free - (Inceram),,E,4:8070,,sem correspondente unico na fonte,True
40730,1,18,4,PARTICULAR,8080,Coroa Metal-free - (Procera),,E,4:8080,,sem correspondente unico na fonte,True
40731,1,18,4,PARTICULAR,8090,Coroa Metal-free - (Zirconia; Sistema CAD/CAM),,E,4:8090,,sem correspondente unico na fonte,True
40732,1,18,4,PARTICULAR,8100,Coroa Metal-free sob implante - (Cerampress),,E,4:8100,,sem correspondente unico na fonte,True
40733,1,18,4,PARTICULAR,8110,Coroa Metal-free sob implante - (Inceram),,E,4:8110,,sem correspondente unico na fonte,True
40734,1,18,4,PARTICULAR,8120,Coroa Metal-free sob implante - (Procera),,E,4:8120,,sem correspondente unico na fonte,True
40735,1,18,4,PARTICULAR,8130,Coroa Metal-free sob implante - (Zirconia; Sistema CAD/CAM),,E,4:8130,,sem correspondente unico na fonte,True
40736,1,18,4,PARTICULAR,8140,Coroa metalo-cermica,,E,4:8140,,sem correspondente unico na fonte,True
40737,1,18,4,PARTICULAR,8150,Coroa Metalo-cermica sob implante,,E,4:8150,,sem correspondente unico na fonte,True
40751,1,18,4,PARTICULAR,8151,MunhÆo Universal - CM,,E,4:8151,Æ,sem correspondente unico na fonte,True
40738,1,18,4,PARTICULAR,8160,Coroa Provis¢ria Imediata,,E,4:8160,¢,sem correspondente unico na fonte,True
40739,1,18,4,PARTICULAR,8161,Coroa Provis¢ria de Onlay / Inlay,,E,4:8161,¢,sem correspondente unico na fonte,True
40740,1,18,4,PARTICULAR,8170,Coroa Provis¢ria de Laborat¢rio sob implante,,E,4:8170,¢,sem correspondente unico na fonte,True
40883,1,18,4,PARTICULAR,8171,Coroa Provis¢ria Imediata sob implante,,E,4:8171,¢,sem correspondente unico na fonte,True
40741,1,18,4,PARTICULAR,8180,Coroa met lica total,,E,4:8180,,sem correspondente unico na fonte,True
40742,1,18,4,PARTICULAR,8190,Coroa Provis¢ria de Laborat¢rio,,E,4:8190,¢,sem correspondente unico na fonte,True
40745,1,18,4,PARTICULAR,8200,Enceramento de diagn¢stico - (por elemento),,E,4:8200,¢,sem correspondente unico na fonte,True
40746,1,18,4,PARTICULAR,8210,Enceramento de diagn¢stico por elemento sob implante,,E,4:8210,¢,sem correspondente unico na fonte,True
40747,1,18,4,PARTICULAR,8220,Faceta em Porcelana,,E,4:8220,,sem correspondente unico na fonte,True
40748,1,18,4,PARTICULAR,8230,Faceta em Resina Acrilica,,E,4:8230,,sem correspondente unico na fonte,True
40749,1,18,4,PARTICULAR,8240,Guia Cirurgico,,E,4:8240,,sem correspondente unico na fonte,True
40750,1,18,4,PARTICULAR,8250,Jig ou Front-Plat,,E,4:8250,,sem correspondente unico na fonte,True
40753,1,18,4,PARTICULAR,8260,N£cleo Met lico-fundido,,E,4:8260,,sem correspondente unico na fonte,True
40890,1,18,4,PARTICULAR,8261,N£cleo Met lico fundido bi-partido,,E,4:8261,,sem correspondente unico na fonte,True
40752,1,18,4,PARTICULAR,8270,N£cleo Metal-free esttico,,E,4:8270,,sem correspondente unico na fonte,True
40754,1,18,4,PARTICULAR,8290,Placa de mordida miorrelaxante,,E,4:8290,,sem correspondente unico na fonte,True
40771,1,18,4,PARTICULAR,8291,Protetor bucal Playsafe,,E,4:8291,,sem correspondente unico na fonte,True
40875,1,18,4,PARTICULAR,8292,Protetor bucal Playsafe Personalizado,,E,4:8292,,sem correspondente unico na fonte,True
40755,1,18,4,PARTICULAR,8300,Placa para Bruxismo Acr¡lica,,E,4:8300,¡,sem correspondente unico na fonte,True
40756,1,18,4,PARTICULAR,8305,Placa para Bruxismo Mista - (Erkoflex),,E,4:8305,,sem correspondente unico na fonte,True
40757,1,18,4,PARTICULAR,8310,Placa para Clareamento,,E,4:8310,,sem correspondente unico na fonte,True
40873,1,18,4,PARTICULAR,8315,Placa para Ortose,,E,4:8315,,sem correspondente unico na fonte,True
40758,1,18,4,PARTICULAR,8320,Pr¢tese Parcial Fixa Adesiva Metal-free,,E,4:8320,¢,sem correspondente unico na fonte,True
40759,1,18,4,PARTICULAR,8330,Pr¢tese Parcial Fixa Acrilica sob Implante,,E,4:8330,¢,sem correspondente unico na fonte,True
40760,1,18,4,PARTICULAR,8340,Pr¢tese Parcial Fixa Metalo-cermica - (1 Pntico),,E,4:8340,¢ ,sem correspondente unico na fonte,True
40761,1,18,4,PARTICULAR,8350,Pr¢tese Parcial Fixa Metalo-cermica - (2 Pnticos),,E,4:8350,¢ ,sem correspondente unico na fonte,True
40762,1,18,4,PARTICULAR,8360,Pr¢tese Parcial Fixa Metalo-plastica - (1 Pntico),,E,4:8360,¢ ,sem correspondente unico na fonte,True
40763,1,18,4,PARTICULAR,8361,Pr¢tese Parcial Fixa Metalo-plastica - (2 Pnticos),,E,4:8361,¢ ,sem correspondente unico na fonte,True
40764,1,18,4,PARTICULAR,8370,Pr¢tese Parcial Fixa Provis¢ria - (1 Pntico),,E,4:8370,¢ ,sem correspondente unico na fonte,True
40765,1,18,4,PARTICULAR,8380,Pr¢tese Parcial Remov¡vel - (Importada) / (por arcada),,E,4:8380,¢ ¡,sem correspondente unico na fonte,True
40766,1,18,4,PARTICULAR,8390,Pr¢tese Parcial Remov¡vel - (por arcada),,E,4:8390,¢ ¡,sem correspondente unico na fonte,True
40767,1,18,4,PARTICULAR,8400,Pr¢tese Parcial Remov¡vel Provis¢ria - (por arcada),,E,4:8400,¢ ¡,sem correspondente unico na fonte,True
40768,1,18,4,PARTICULAR,8410,Pr¢tese Total - (Importada) / (por arcada),,E,4:8410,¢,sem correspondente unico na fonte,True
40769,1,18,4,PARTICULAR,8420,Pr¢tese Total - (por arcada),,E,4:8420,¢,sem correspondente unico na fonte,True
40770,1,18,4,PARTICULAR,8430,Pr¢tese Total Imediada - (por arcada),,E,4:8430,¢,sem correspondente unico na fonte,True
40772,1,18,4,PARTICULAR,8440,Pr¢tese Protocolo,,E,4:8440,¢,sem correspondente unico na fonte,True
40773,1,18,4,PARTICULAR,8450,Reembasamento de Coroa Provis¢ria,,E,4:8450,¢,sem correspondente unico na fonte,True
40774,1,18,4,PARTICULAR,8460,Reembasamento Pr¢tese Total ou Parcial,,E,4:8460,¢,sem correspondente unico na fonte,True
40775,1,18,4,PARTICULAR,8470,RestauraÆo Met lica Fundida - RMF,,E,4:8470,Æ ,sem correspondente unico na fonte,True
40776,1,18,4,PARTICULAR,8480,RestauraÆo Onlay / Inlay em Porcelana,,E,4:8480,Æ ,sem correspondente unico na fonte,True
40744,1,18,4,PARTICULAR,8481,E-MAX - RestauraÆo Onlay / Inlay em Dissilicato de l¡tio,,E,4:8481,Æ  ¡,sem correspondente unico na fonte,True
40888,1,18,4,PARTICULAR,8482,E-MAX - Jaqueta pura em dissilicato,,E,4:8482,,sem correspondente unico na fonte,True
40777,1,18,4,PARTICULAR,8490,RestauraÆo Onlay / Inlay em Ceromero,,E,4:8490,Æ ,sem correspondente unico na fonte,True
40743,1,18,4,PARTICULAR,8500,E-MAX - Lente de contato,,E,4:8500,,sem correspondente unico na fonte,True
40874,1,18,4,PARTICULAR,9000,Micro-agulhamento (Derma Roller),,E,4:9000,,sem correspondente unico na fonte,True
40877,1,18,4,PARTICULAR,9010,Botox,,E,4:9010,,sem correspondente unico na fonte,True
40879,1,18,4,PARTICULAR,9020,Preenchimento,,E,4:9020,,sem correspondente unico na fonte,True
40882,1,18,4,PARTICULAR,9030,Lipo de papada,,E,4:9030,,sem correspondente unico na fonte,True
40884,1,18,4,PARTICULAR,9040,Fios de sustentaÆo,,E,4:9040,Æ ,sem correspondente unico na fonte,True
40885,1,18,4,PARTICULAR,9050,Bichectomia,,E,4:9050,,sem correspondente unico na fonte,True
