easy_nroproctab,easy_codconv,easy_descricao,brana_id_candidato,brana_codigo_candidato,brana_nome_candidato,metodo_correspondencia,nivel_confianca,divergencias,ambiguidade,acao_futura_permitida,acao_futura_bloqueada,justificativa
1,6000,Alveoloplastia ou alveolotomia - (até 3 elementos),,,,sem_correspondencia,sem_correspondencia,['sem_candidato'],False,avaliar inclusao,apply,nenhum candidato semantico confiavel encontrado
2,6010,Alveoloplastica ou alveolotomia - (por sextante),40558,6010,Alveoloplastica ou alveolotomia - (por sextante),nome_exato + CODCONV,comprovada,['codigo_nro'],False,revisar,apply,nome preservado como chave semantica; codigo varia entre CODCONV e NROPROCTAB conforme presenca de CODCONV
3,6020,Biópsia,,,,sem_correspondencia,sem_correspondencia,['sem_candidato'],False,avaliar inclusao,apply,nenhum candidato semantico confiavel encontrado
4,6030,Cirurgia de Hipertrofia de Lábio,,,,sem_correspondencia,sem_correspondencia,['sem_candidato'],False,avaliar inclusao,apply,nenhum candidato semantico confiavel encontrado
5,6040,Cirurgia para Cisto de Desenvolvimento,40561,6040,Cirurgia para Cisto de Desenvolvimento,nome_exato + CODCONV,comprovada,['codigo_nro'],False,revisar,apply,nome preservado como chave semantica; codigo varia entre CODCONV e NROPROCTAB conforme presenca de CODCONV
6,6050,Cirurgia para Microstomia,40562,6050,Cirurgia para Microstomia,nome_exato + CODCONV,comprovada,['codigo_nro'],False,revisar,apply,nome preservado como chave semantica; codigo varia entre CODCONV e NROPROCTAB conforme presenca de CODCONV
7,6060,Cirurgia para Osteoma e Odontoma,40563,6060,Cirurgia para Osteoma e Odontoma,nome_exato + CODCONV,comprovada,['codigo_nro'],False,revisar,apply,nome preservado como chave semantica; codigo varia entre CODCONV e NROPROCTAB conforme presenca de CODCONV
8,6070,Cirurgia para torus palatino unilateral,40564,6070,Cirurgia para torus palatino unilateral,nome_exato + CODCONV,comprovada,['codigo_nro'],False,revisar,apply,nome preservado como chave semantica; codigo varia entre CODCONV e NROPROCTAB conforme presenca de CODCONV
9,6080,Ciurgia para torus mandibular bilateral,40565,6080,Ciurgia para torus mandibular bilateral,nome_exato + CODCONV,comprovada,['codigo_nro'],False,revisar,apply,nome preservado como chave semantica; codigo varia entre CODCONV e NROPROCTAB conforme presenca de CODCONV
10,6090,Ciurgia para tórus mandibular unilateral,,,,sem_correspondencia,sem_correspondencia,['sem_candidato'],False,avaliar inclusao,apply,nenhum candidato semantico confiavel encontrado
11,6100,Cirurgia para torus palatino bilateral,40567,6100,Cirurgia para torus palatino bilateral,nome_exato + CODCONV,comprovada,['codigo_nro'],False,revisar,apply,nome preservado como chave semantica; codigo varia entre CODCONV e NROPROCTAB conforme presenca de CODCONV
12,6110,Correção de bridas musculares,,,,sem_correspondencia,sem_correspondencia,['sem_candidato'],False,avaliar inclusao,apply,nenhum candidato semantico confiavel encontrado
13,6120,Drenagem de abcesso por via intra ou extra-oral,40569,6120,Drenagem de abcesso por via intra ou extra-oral,nome_exato + CODCONV,comprovada,['codigo_nro'],False,revisar,apply,nome preservado como chave semantica; codigo varia entre CODCONV e NROPROCTAB conforme presenca de CODCONV
14,6130,Cirurgia exploratória,,,,sem_correspondencia,sem_correspondencia,['sem_candidato'],False,avaliar inclusao,apply,nenhum candidato semantico confiavel encontrado
15,6140,Excisão de glândula parótida,,,,sem_correspondencia,sem_correspondencia,['sem_candidato'],False,avaliar inclusao,apply,nenhum candidato semantico confiavel encontrado
16,6150,Excisão de glândula sublingual,,,,sem_correspondencia,sem_correspondencia,['sem_candidato'],False,avaliar inclusao,apply,nenhum candidato semantico confiavel encontrado
17,6160,Excisão de glândula submandibular,,,,sem_correspondencia,sem_correspondencia,['sem_candidato'],False,avaliar inclusao,apply,nenhum candidato semantico confiavel encontrado
18,6170,Excisão de Mucocele,,,,sem_correspondencia,sem_correspondencia,['sem_candidato'],False,avaliar inclusao,apply,nenhum candidato semantico confiavel encontrado
19,6180,Excisão de rânula,,,,sem_correspondencia,sem_correspondencia,['sem_candidato'],False,avaliar inclusao,apply,nenhum candidato semantico confiavel encontrado
20,6190,Excisão de tumores odontogênicos até 3 cm,,,,sem_correspondencia,sem_correspondencia,['sem_candidato'],False,avaliar inclusao,apply,nenhum candidato semantico confiavel encontrado
21,6200,Exodontia de decíduos,,,,sem_correspondencia,sem_correspondencia,['sem_candidato'],False,avaliar inclusao,apply,nenhum candidato semantico confiavel encontrado
22,6210,Exodontia de incluso,40578,6210,Exodontia de incluso,nome_exato + CODCONV,comprovada,['codigo_nro'],False,revisar,apply,nome preservado como chave semantica; codigo varia entre CODCONV e NROPROCTAB conforme presenca de CODCONV
23,6220,Exodontia de incluso impactado,40579,6220,Exodontia de incluso impactado,nome_exato + CODCONV,comprovada,['codigo_nro'],False,revisar,apply,nome preservado como chave semantica; codigo varia entre CODCONV e NROPROCTAB conforme presenca de CODCONV
24,6230,Exodontia de raiz residual,40580,6230,Exodontia de raiz residual,nome_exato + CODCONV,comprovada,['codigo_nro'],False,revisar,apply,nome preservado como chave semantica; codigo varia entre CODCONV e NROPROCTAB conforme presenca de CODCONV
25,6240,Exodontia de raiz residual com retalho,40581,6240,Exodontia de raiz residual com retalho,nome_exato + CODCONV,comprovada,['codigo_nro'],False,revisar,apply,nome preservado como chave semantica; codigo varia entre CODCONV e NROPROCTAB conforme presenca de CODCONV
26,6250,Exodontia de semi-incluso,40582,6250,Exodontia de semi-incluso,nome_exato + CODCONV,comprovada,['codigo_nro'],False,revisar,apply,nome preservado como chave semantica; codigo varia entre CODCONV e NROPROCTAB conforme presenca de CODCONV
27,6260,Exodontia + Enxerto + membrana,40583,6260,Exodontia + Enxerto + membrana,nome_exato + CODCONV,comprovada,['codigo_nro'],False,revisar,apply,nome preservado como chave semantica; codigo varia entre CODCONV e NROPROCTAB conforme presenca de CODCONV
28,6270,Exodontia simples - (Anteriores),40584,6270,Exodontia simples - (Anteriores),nome_exato + CODCONV,comprovada,['codigo_nro'],False,revisar,apply,nome preservado como chave semantica; codigo varia entre CODCONV e NROPROCTAB conforme presenca de CODCONV
29,6280,Exodontia simples - (Posteriores),40585,6280,Exodontia simples - (Posteriores),nome_exato + CODCONV,comprovada,['codigo_nro'],False,revisar,apply,nome preservado como chave semantica; codigo varia entre CODCONV e NROPROCTAB conforme presenca de CODCONV
30,6290,Fraturas alvédio-dentárias - redução cruenta,,,,sem_correspondencia,sem_correspondencia,['sem_candidato'],False,avaliar inclusao,apply,nenhum candidato semantico confiavel encontrado
31,6300,Marzupialização de cisto,,,,sem_correspondencia,sem_correspondencia,['sem_candidato'],False,avaliar inclusao,apply,nenhum candidato semantico confiavel encontrado
32,6310,Reconstrução parcial do lábio traumatizado,,,,sem_correspondencia,sem_correspondencia,['sem_candidato'],False,avaliar inclusao,apply,nenhum candidato semantico confiavel encontrado
33,6320,Reconstrução total do lábio traumatizado,,,,sem_correspondencia,sem_correspondencia,['sem_candidato'],False,avaliar inclusao,apply,nenhum candidato semantico confiavel encontrado
34,6330,Suturas múltiplas da face ou lábio,,,,sem_correspondencia,sem_correspondencia,['sem_candidato'],False,avaliar inclusao,apply,nenhum candidato semantico confiavel encontrado
35,6340,Suturas simples da face ou lábio,,,,sem_correspondencia,sem_correspondencia,['sem_candidato'],False,avaliar inclusao,apply,nenhum candidato semantico confiavel encontrado
36,6350,Tratamento de alveolite,40592,6350,Tratamento de alveolite,nome_exato + CODCONV,comprovada,['codigo_nro'],False,revisar,apply,nome preservado como chave semantica; codigo varia entre CODCONV e NROPROCTAB conforme presenca de CODCONV
37,6360,Tratamento de hemorragia,40593,6360,Tratamento de hemorragia,nome_exato + CODCONV,comprovada,['codigo_nro'],False,revisar,apply,nome preservado como chave semantica; codigo varia entre CODCONV e NROPROCTAB conforme presenca de CODCONV
38,6370,Tratamento cirúrgico do lábio leporino,,,,sem_correspondencia,sem_correspondencia,['sem_candidato'],False,avaliar inclusao,apply,nenhum candidato semantico confiavel encontrado
39,5000,Adequação de meio bucal,,,,sem_correspondencia,sem_correspondencia,['sem_candidato'],False,avaliar inclusao,apply,nenhum candidato semantico confiavel encontrado
40,5010,Ajuste oclusal - (por sessão),,,,sem_correspondencia,sem_correspondencia,['sem_candidato'],False,avaliar inclusao,apply,nenhum candidato semantico confiavel encontrado
41,5020,Capeamento pulpar,40597,5020,Capeamento pulpar,nome_exato + CODCONV,comprovada,['codigo_nro'],False,revisar,apply,nome preservado como chave semantica; codigo varia entre CODCONV e NROPROCTAB conforme presenca de CODCONV
42,5030,Clareamento - (Caseiro),40598,5030,Clareamento - (Caseiro),nome_exato + CODCONV,comprovada,['codigo_nro'],False,revisar,apply,nome preservado como chave semantica; codigo varia entre CODCONV e NROPROCTAB conforme presenca de CODCONV
43,5040,Clareamento - (Laser),40599,5040,Clareamento - (Laser),nome_exato + CODCONV,comprovada,['codigo_nro'],False,revisar,apply,nome preservado como chave semantica; codigo varia entre CODCONV e NROPROCTAB conforme presenca de CODCONV
44,5050,Clareamento interno - (dentes desvitalizados),40600,5050,Clareamento interno - (dentes desvitalizados),nome_exato + CODCONV,comprovada,['codigo_nro'],False,revisar,apply,nome preservado como chave semantica; codigo varia entre CODCONV e NROPROCTAB conforme presenca de CODCONV
45,5060,Dessensibilização dentária - (por elemento),,,,sem_correspondencia,sem_correspondencia,['sem_candidato'],False,avaliar inclusao,apply,nenhum candidato semantico confiavel encontrado
46,5070,Faceta em resina direta - (Dentes anteriores),40602,5070,Faceta em resina direta - (Dentes anteriores),nome_exato + CODCONV,comprovada,['codigo_nro'],False,revisar,apply,nome preservado como chave semantica; codigo varia entre CODCONV e NROPROCTAB conforme presenca de CODCONV
47,5080,Imobilização dentária com resina fotopolimerizável,,,,sem_correspondencia,sem_correspondencia,['sem_candidato'],False,avaliar inclusao,apply,nenhum candidato semantico confiavel encontrado
48,5090,Imobilização dentária (esplintagem),,,,sem_correspondencia,sem_correspondencia,['sem_candidato'],False,avaliar inclusao,apply,nenhum candidato semantico confiavel encontrado
49,5121,Núcleo de preenchimento,,,,sem_correspondencia,sem_correspondencia,['sem_candidato'],False,avaliar inclusao,apply,nenhum candidato semantico confiavel encontrado
50,5100,Núcleo de preenchimento em ionômetro de vidro,,,,sem_correspondencia,sem_correspondencia,['sem_candidato'],False,avaliar inclusao,apply,nenhum candidato semantico confiavel encontrado
51,5110,Núcleo de preenchimento em resina,,,,sem_correspondencia,sem_correspondencia,['sem_candidato'],False,avaliar inclusao,apply,nenhum candidato semantico confiavel encontrado
52,5120,Núcleo fibra de vidro,,,,sem_correspondencia,sem_correspondencia,['sem_candidato'],False,avaliar inclusao,apply,nenhum candidato semantico confiavel encontrado
53,5130,Núcleo metálico pré-fabricado,,,,sem_correspondencia,sem_correspondencia,['sem_candidato'],False,avaliar inclusao,apply,nenhum candidato semantico confiavel encontrado
54,5140,Núcleo rosqueavel - (Roach),,,,sem_correspondencia,sem_correspondencia,['sem_candidato'],False,avaliar inclusao,apply,nenhum candidato semantico confiavel encontrado
55,5150,Polimento e Acabamento,40611,5150,Polimento e Acabamento,nome_exato + CODCONV,comprovada,['codigo_nro'],False,revisar,apply,nome preservado como chave semantica; codigo varia entre CODCONV e NROPROCTAB conforme presenca de CODCONV
56,5160,Reconstrução em Resina Direta - (+ de 3 Faces),,,,sem_correspondencia,sem_correspondencia,['sem_candidato'],False,avaliar inclusao,apply,nenhum candidato semantico confiavel encontrado
57,5170,Restauração de Amálgama - 1 face,,,,sem_correspondencia,sem_correspondencia,['sem_candidato'],False,avaliar inclusao,apply,nenhum candidato semantico confiavel encontrado
58,5180,Restauração de Amálgama - 2 faces,,,,sem_correspondencia,sem_correspondencia,['sem_candidato'],False,avaliar inclusao,apply,nenhum candidato semantico confiavel encontrado
59,5190,Restauração de Amálgama - 3 faces,,,,sem_correspondencia,sem_correspondencia,['sem_candidato'],False,avaliar inclusao,apply,nenhum candidato semantico confiavel encontrado
60,5200,Restauração de ionômero de vidro - classe V,,,,sem_correspondencia,sem_correspondencia,['sem_candidato'],False,avaliar inclusao,apply,nenhum candidato semantico confiavel encontrado
61,5210,Restauração em Resina Direta - (1 Face),,,,sem_correspondencia,sem_correspondencia,['sem_candidato'],False,avaliar inclusao,apply,nenhum candidato semantico confiavel encontrado
62,5220,Restauração em Resina Direta - (2 Faces),,,,sem_correspondencia,sem_correspondencia,['sem_candidato'],False,avaliar inclusao,apply,nenhum candidato semantico confiavel encontrado
63,5230,Restauração em Resina Direta - (3 Faces),,,,sem_correspondencia,sem_correspondencia,['sem_candidato'],False,avaliar inclusao,apply,nenhum candidato semantico confiavel encontrado
64,5240,Restauração em Resina Direta - (Classe IV),,,,sem_correspondencia,sem_correspondencia,['sem_candidato'],False,avaliar inclusao,apply,nenhum candidato semantico confiavel encontrado
65,5250,Restauração em Resina Direta - (Classe V),,,,sem_correspondencia,sem_correspondencia,['sem_candidato'],False,avaliar inclusao,apply,nenhum candidato semantico confiavel encontrado
66,5260,Restauração temporária (IRM ou similar),,,,sem_correspondencia,sem_correspondencia,['sem_candidato'],False,avaliar inclusao,apply,nenhum candidato semantico confiavel encontrado
67,5270,Tratamento Expectante com H. Cálcio,,,,sem_correspondencia,sem_correspondencia,['sem_candidato'],False,avaliar inclusao,apply,nenhum candidato semantico confiavel encontrado
68,4000,Apicectomia em Incisivos com enxerto leofilizado,40624,4000,Apicectomia em Incisivos com enxerto leofilizado,nome_exato + CODCONV,comprovada,['codigo_nro'],False,revisar,apply,nome preservado como chave semantica; codigo varia entre CODCONV e NROPROCTAB conforme presenca de CODCONV
69,4010,Apicectomia em Incisivos com obturação retrógrada,,,,sem_correspondencia,sem_correspondencia,['sem_candidato'],False,avaliar inclusao,apply,nenhum candidato semantico confiavel encontrado
70,4020,Apicectomia em Incisivos curetagem apical,40626,4020,Apicectomia em Incisivos curetagem apical,nome_exato + CODCONV,comprovada,['codigo_nro'],False,revisar,apply,nome preservado como chave semantica; codigo varia entre CODCONV e NROPROCTAB conforme presenca de CODCONV
71,4030,Apicectomia em Molares com enxerto leofilizado,40627,4030,Apicectomia em Molares com enxerto leofilizado,nome_exato + CODCONV,comprovada,['codigo_nro'],False,revisar,apply,nome preservado como chave semantica; codigo varia entre CODCONV e NROPROCTAB conforme presenca de CODCONV
72,4040,Apicectomia em Molares com obturação retrógrada,,,,sem_correspondencia,sem_correspondencia,['sem_candidato'],False,avaliar inclusao,apply,nenhum candidato semantico confiavel encontrado
73,4050,Apicectomia em Molares curetagem apical,40629,4050,Apicectomia em Molares curetagem apical,nome_exato + CODCONV,comprovada,['codigo_nro'],False,revisar,apply,nome preservado como chave semantica; codigo varia entre CODCONV e NROPROCTAB conforme presenca de CODCONV
74,4060,Apicectomia em Pré-molares com enxerto leofilizado,,,,sem_correspondencia,sem_correspondencia,['sem_candidato'],False,avaliar inclusao,apply,nenhum candidato semantico confiavel encontrado
75,4070,Apicectomia em Pré-molares com obturação retrógrada,,,,sem_correspondencia,sem_correspondencia,['sem_candidato'],False,avaliar inclusao,apply,nenhum candidato semantico confiavel encontrado
76,4080,Apicectomia em Pré-molares curetagem apical,,,,sem_correspondencia,sem_correspondencia,['sem_candidato'],False,avaliar inclusao,apply,nenhum candidato semantico confiavel encontrado
77,4090,Clareamento Interno,40633,4090,Clareamento Interno,nome_exato + CODCONV,comprovada,['codigo_nro'],False,revisar,apply,nome preservado como chave semantica; codigo varia entre CODCONV e NROPROCTAB conforme presenca de CODCONV
78,4100,Desobturação de canal,,,,sem_correspondencia,sem_correspondencia,['sem_candidato'],False,avaliar inclusao,apply,nenhum candidato semantico confiavel encontrado
79,4110,Preparo para Núcleo intra-radicular,,,,sem_correspondencia,sem_correspondencia,['sem_candidato'],False,avaliar inclusao,apply,nenhum candidato semantico confiavel encontrado
80,4120,Pulpotomia,40636,4120,Pulpotomia,nome_exato + CODCONV,comprovada,['codigo_nro'],False,revisar,apply,nome preservado como chave semantica; codigo varia entre CODCONV e NROPROCTAB conforme presenca de CODCONV
81,4130,Reimplante dentes avuls. trauma + ap. contenção,,,,sem_correspondencia,sem_correspondencia,['sem_candidato'],False,avaliar inclusao,apply,nenhum candidato semantico confiavel encontrado
82,4140,Remoção de Coroal Total,,,,sem_correspondencia,sem_correspondencia,['sem_candidato'],False,avaliar inclusao,apply,nenhum candidato semantico confiavel encontrado
83,4150,Remoção de núcleo intraradicular,,,,sem_correspondencia,sem_correspondencia,['sem_candidato'],False,avaliar inclusao,apply,nenhum candidato semantico confiavel encontrado
84,4160,Retratamento de Canal - (Incisivos),40640,4160,Retratamento de Canal - (Incisivos),nome_exato + CODCONV,comprovada,['codigo_nro'],False,revisar,apply,nome preservado como chave semantica; codigo varia entre CODCONV e NROPROCTAB conforme presenca de CODCONV
85,4170,Retratamento de Canal - (Molares com 4 ou mais condutos),40641,4170,Retratamento de Canal - (Molares com 4 ou mais condutos),nome_exato + CODCONV,comprovada,['codigo_nro'],False,revisar,apply,nome preservado como chave semantica; codigo varia entre CODCONV e NROPROCTAB conforme presenca de CODCONV
86,4180,Retratamento de Canal - (Molares),40642,4180,Retratamento de Canal - (Molares),nome_exato + CODCONV,comprovada,['codigo_nro'],False,revisar,apply,nome preservado como chave semantica; codigo varia entre CODCONV e NROPROCTAB conforme presenca de CODCONV
87,4190,Retratamento de Canal - (Pré-molares),,,,sem_correspondencia,sem_correspondencia,['sem_candidato'],False,avaliar inclusao,apply,nenhum candidato semantico confiavel encontrado
88,4200,Tratamento cirurgico de lesão endo-perio - (Curetagem),,,,sem_correspondencia,sem_correspondencia,['sem_candidato'],False,avaliar inclusao,apply,nenhum candidato semantico confiavel encontrado
89,4210,Tratamento cirurgico de lesão endo-perio com enxerto leofilizado,,,,sem_correspondencia,sem_correspondencia,['sem_candidato'],False,avaliar inclusao,apply,nenhum candidato semantico confiavel encontrado
90,4220,Tratamento de Canal - (Incisivos),40646,4220,Tratamento de Canal - (Incisivos),nome_exato + CODCONV,comprovada,['codigo_nro'],False,revisar,apply,nome preservado como chave semantica; codigo varia entre CODCONV e NROPROCTAB conforme presenca de CODCONV
91,4230,Tratamento de Canal - (Molares com mais de 3 condutos),40647,4230,Tratamento de Canal - (Molares com mais de 3 condutos),nome_exato + CODCONV,comprovada,['codigo_nro'],False,revisar,apply,nome preservado como chave semantica; codigo varia entre CODCONV e NROPROCTAB conforme presenca de CODCONV
92,4240,Tratamento de Canal - (Molares),40648,4240,Tratamento de Canal - (Molares),nome_exato + CODCONV,comprovada,['codigo_nro'],False,revisar,apply,nome preservado como chave semantica; codigo varia entre CODCONV e NROPROCTAB conforme presenca de CODCONV
93,4250,Tratamento de Canal - (Pré-molares),,,,sem_correspondencia,sem_correspondencia,['sem_candidato'],False,avaliar inclusao,apply,nenhum candidato semantico confiavel encontrado
94,4260,Tratamento de dentes c/ rizogenese incompleta - (Por sessão),,,,sem_correspondencia,sem_correspondencia,['sem_candidato'],False,avaliar inclusao,apply,nenhum candidato semantico confiavel encontrado
95,4270,Tratamento de Trepanações / Perfurações,,,,sem_correspondencia,sem_correspondencia,['sem_candidato'],False,avaliar inclusao,apply,nenhum candidato semantico confiavel encontrado
96,2000,Cimentação de Coroa Total Definitiva,,,,sem_correspondencia,sem_correspondencia,['sem_candidato'],False,avaliar inclusao,apply,nenhum candidato semantico confiavel encontrado
97,2010,Cimentação de Coroa Total Provisória,,,,sem_correspondencia,sem_correspondencia,['sem_candidato'],False,avaliar inclusao,apply,nenhum candidato semantico confiavel encontrado
98,2020,Cimentação de Núcleo Metálico Fundido,,,,sem_correspondencia,sem_correspondencia,['sem_candidato'],False,avaliar inclusao,apply,nenhum candidato semantico confiavel encontrado
99,2030,Cimentação de Prótese Parcial Fixa,,,,sem_correspondencia,sem_correspondencia,['sem_candidato'],False,avaliar inclusao,apply,nenhum candidato semantico confiavel encontrado
100,2040,Consulta de adaptação Psicológica,,,,sem_correspondencia,sem_correspondencia,['sem_candidato'],False,avaliar inclusao,apply,nenhum candidato semantico confiavel encontrado
101,2050,Consulta de Emergência,,,,sem_correspondencia,sem_correspondencia,['sem_candidato'],False,avaliar inclusao,apply,nenhum candidato semantico confiavel encontrado
102,2060,"Consulta de Emergência - (Sábado, Domingo e Feriado)",,,,sem_correspondencia,sem_correspondencia,['sem_candidato'],False,avaliar inclusao,apply,nenhum candidato semantico confiavel encontrado
103,2070,Consulta de Emergência Noturna - (22:00 às 06:00 hs),,,,sem_correspondencia,sem_correspondencia,['sem_candidato'],False,avaliar inclusao,apply,nenhum candidato semantico confiavel encontrado
104,2080,Consulta Inicial para Exame clínico,,,,sem_correspondencia,sem_correspondencia,['sem_candidato'],False,avaliar inclusao,apply,nenhum candidato semantico confiavel encontrado
105,2090,Curativo,40661,2090,Curativo,nome_exato + CODCONV,comprovada,['codigo_nro'],False,revisar,apply,nome preservado como chave semantica; codigo varia entre CODCONV e NROPROCTAB conforme presenca de CODCONV
106,2100,Exame para Perícia Inicial e Final,,,,sem_correspondencia,sem_correspondencia,['sem_candidato'],False,avaliar inclusao,apply,nenhum candidato semantico confiavel encontrado
107,2110,Modelo de Estudo - (Superior e Infeiror),40663,2110,Modelo de Estudo - (Superior e Infeiror),nome_exato + CODCONV,comprovada,['codigo_nro'],False,revisar,apply,nome preservado como chave semantica; codigo varia entre CODCONV e NROPROCTAB conforme presenca de CODCONV
108,2120,Radiografia Bite-Wing - (inter-proximal),40664,2120,Radiografia Bite-Wing - (inter-proximal),nome_exato + CODCONV,comprovada,['codigo_nro'],False,revisar,apply,nome preservado como chave semantica; codigo varia entre CODCONV e NROPROCTAB conforme presenca de CODCONV
109,2130,Radiografia Oclusal,40665,2130,Radiografia Oclusal,nome_exato + CODCONV,comprovada,['codigo_nro'],False,revisar,apply,nome preservado como chave semantica; codigo varia entre CODCONV e NROPROCTAB conforme presenca de CODCONV
110,2140,Radiografia Periapical,40666,2140,Radiografia Periapical,nome_exato + CODCONV,comprovada,['codigo_nro'],False,revisar,apply,nome preservado como chave semantica; codigo varia entre CODCONV e NROPROCTAB conforme presenca de CODCONV
111,7040,Enxerto Osseo Particulado + Membrana colageno.,40667,7040,Enxerto Osseo Particulado + Membrana colageno.,nome_exato + CODCONV,comprovada,['codigo_nro'],False,revisar,apply,nome preservado como chave semantica; codigo varia entre CODCONV e NROPROCTAB conforme presenca de CODCONV
112,7000,Implante - (técnica de Sammers),,,,sem_correspondencia,sem_correspondencia,['sem_candidato'],False,avaliar inclusao,apply,nenhum candidato semantico confiavel encontrado
113,7010,Implante (RTG),40669,7010,Implante (RTG),nome_exato + CODCONV,comprovada,['codigo_nro'],False,revisar,apply,nome preservado como chave semantica; codigo varia entre CODCONV e NROPROCTAB conforme presenca de CODCONV
114,7022,Implante ósseo integrável - Cone Morse,,,,sem_correspondencia,sem_correspondencia,['sem_candidato'],False,avaliar inclusao,apply,nenhum candidato semantico confiavel encontrado
115,7021,Implante ósseo integrável - H. Interno,,,,sem_correspondencia,sem_correspondencia,['sem_candidato'],False,avaliar inclusao,apply,nenhum candidato semantico confiavel encontrado
116,7020,Implante ósseo integrável - Standard,,,,sem_correspondencia,sem_correspondencia,['sem_candidato'],False,avaliar inclusao,apply,nenhum candidato semantico confiavel encontrado
117,7030,Remoção de implante,,,,sem_correspondencia,sem_correspondencia,['sem_candidato'],False,avaliar inclusao,apply,nenhum candidato semantico confiavel encontrado
118,3000,Abertura de implante - (Giro de retalho),40674,3000,Abertura de implante - (Giro de retalho),nome_exato + CODCONV,comprovada,['codigo_nro'],False,revisar,apply,nome preservado como chave semantica; codigo varia entre CODCONV e NROPROCTAB conforme presenca de CODCONV
119,3010,Abertura de implante - (Osteotomia),40675,3010,Abertura de implante - (Osteotomia),nome_exato + CODCONV,comprovada,['codigo_nro'],False,revisar,apply,nome preservado como chave semantica; codigo varia entre CODCONV e NROPROCTAB conforme presenca de CODCONV
120,3020,Abertura de implante - (Plastia),40676,3020,Abertura de implante - (Plastia),nome_exato + CODCONV,comprovada,['codigo_nro'],False,revisar,apply,nome preservado como chave semantica; codigo varia entre CODCONV e NROPROCTAB conforme presenca de CODCONV
121,3030,Abertura de implante mand. - (Enxerto Livre),40677,3030,Abertura de implante mand. - (Enxerto Livre),nome_exato + CODCONV,comprovada,['codigo_nro'],False,revisar,apply,nome preservado como chave semantica; codigo varia entre CODCONV e NROPROCTAB conforme presenca de CODCONV
122,3040,Abertura de implante mand. - (Osteotomia e Livre),40678,3040,Abertura de implante mand. - (Osteotomia e Livre),nome_exato + CODCONV,comprovada,['codigo_nro'],False,revisar,apply,nome preservado como chave semantica; codigo varia entre CODCONV e NROPROCTAB conforme presenca de CODCONV
123,3050,Aumento de Coroa Clínica - (Osteotomia e deslize apical),,,,sem_correspondencia,sem_correspondencia,['sem_candidato'],False,avaliar inclusao,apply,nenhum candidato semantico confiavel encontrado
124,3060,Aumento de Coroa Clínica - (Osteotomia),,,,sem_correspondencia,sem_correspondencia,['sem_candidato'],False,avaliar inclusao,apply,nenhum candidato semantico confiavel encontrado
125,3070,Aumento de Coroa Clínica - (Plastia),,,,sem_correspondencia,sem_correspondencia,['sem_candidato'],False,avaliar inclusao,apply,nenhum candidato semantico confiavel encontrado
126,3080,Bridectomia,40682,3080,Bridectomia,nome_exato + CODCONV,comprovada,['codigo_nro'],False,revisar,apply,nome preservado como chave semantica; codigo varia entre CODCONV e NROPROCTAB conforme presenca de CODCONV
127,3090,Cirurgia para colagem de botão Ortodôntico,,,,sem_correspondencia,sem_correspondencia,['sem_candidato'],False,avaliar inclusao,apply,nenhum candidato semantico confiavel encontrado
128,3100,Cirurgia para colagem de botão Ortodôntico com osteotomia,,,,sem_correspondencia,sem_correspondencia,['sem_candidato'],False,avaliar inclusao,apply,nenhum candidato semantico confiavel encontrado
129,3110,Cirurgia para Odonto-secção - (por elemento),,,,sem_correspondencia,sem_correspondencia,['sem_candidato'],False,avaliar inclusao,apply,nenhum candidato semantico confiavel encontrado
130,3120,Cirurgia para Rizectomia,40686,3120,Cirurgia para Rizectomia,nome_exato + CODCONV,comprovada,['codigo_nro'],False,revisar,apply,nome preservado como chave semantica; codigo varia entre CODCONV e NROPROCTAB conforme presenca de CODCONV
131,3130,Enxerto de conjuntivo / tunelização,,,,sem_correspondencia,sem_correspondencia,['sem_candidato'],False,avaliar inclusao,apply,nenhum candidato semantico confiavel encontrado
132,3140,Cirurgia Periodontal a retalho - (1 elemento),40688,3140,Cirurgia Periodontal a retalho - (1 elemento),nome_exato + CODCONV,comprovada,['codigo_nro'],False,revisar,apply,nome preservado como chave semantica; codigo varia entre CODCONV e NROPROCTAB conforme presenca de CODCONV
133,3150,Cirurgia Periodontal a retalho - (por segmento),40689,3150,Cirurgia Periodontal a retalho - (por segmento),nome_exato + CODCONV,comprovada,['codigo_nro'],False,revisar,apply,nome preservado como chave semantica; codigo varia entre CODCONV e NROPROCTAB conforme presenca de CODCONV
134,3160,Cunha Distal ou Proximal,40690,3160,Cunha Distal ou Proximal,nome_exato + CODCONV,comprovada,['codigo_nro'],False,revisar,apply,nome preservado como chave semantica; codigo varia entre CODCONV e NROPROCTAB conforme presenca de CODCONV
135,3170,Enxerto de Tecido Conjuntivo,40691,3170,Enxerto de Tecido Conjuntivo,nome_exato + CODCONV,comprovada,['codigo_nro'],False,revisar,apply,nome preservado como chave semantica; codigo varia entre CODCONV e NROPROCTAB conforme presenca de CODCONV
136,3180,Enxerto Gengival Livre,40692,3180,Enxerto Gengival Livre,nome_exato + CODCONV,comprovada,['codigo_nro'],False,revisar,apply,nome preservado como chave semantica; codigo varia entre CODCONV e NROPROCTAB conforme presenca de CODCONV
137,3190,Enxerto Osseo RTG - (Regeneração Tecidual Guiada),,,,sem_correspondencia,sem_correspondencia,['sem_candidato'],False,avaliar inclusao,apply,nenhum candidato semantico confiavel encontrado
138,3200,Enxerto Pediculado - (por elemento),40694,3200,Enxerto Pediculado - (por elemento),nome_exato + CODCONV,comprovada,['codigo_nro'],False,revisar,apply,nome preservado como chave semantica; codigo varia entre CODCONV e NROPROCTAB conforme presenca de CODCONV
139,3210,Enxerto por Tracionamento de Vestibulo - (por elemento),40695,3210,Enxerto por Tracionamento de Vestibulo - (por elemento),nome_exato + CODCONV,comprovada,['codigo_nro'],False,revisar,apply,nome preservado como chave semantica; codigo varia entre CODCONV e NROPROCTAB conforme presenca de CODCONV
140,3220,Enxerto por Tracionamento de Vestibulo - (por segmento),40696,3220,Enxerto por Tracionamento de Vestibulo - (por segmento),nome_exato + CODCONV,comprovada,['codigo_nro'],False,revisar,apply,nome preservado como chave semantica; codigo varia entre CODCONV e NROPROCTAB conforme presenca de CODCONV
141,3230,Frenectomia labial inferior,40697,3230,Frenectomia labial inferior,nome_exato + CODCONV,comprovada,['codigo_nro'],False,revisar,apply,nome preservado como chave semantica; codigo varia entre CODCONV e NROPROCTAB conforme presenca de CODCONV
142,3240,Frenectomia labial superior,40698,3240,Frenectomia labial superior,nome_exato + CODCONV,comprovada,['codigo_nro'],False,revisar,apply,nome preservado como chave semantica; codigo varia entre CODCONV e NROPROCTAB conforme presenca de CODCONV
143,3250,Frenotomia Lábial Inferior,,,,sem_correspondencia,sem_correspondencia,['sem_candidato'],False,avaliar inclusao,apply,nenhum candidato semantico confiavel encontrado
144,3260,Frenotomia Lábial Superior,,,,sem_correspondencia,sem_correspondencia,['sem_candidato'],False,avaliar inclusao,apply,nenhum candidato semantico confiavel encontrado
145,3270,Frenotomia Lingual,40701,3270,Frenotomia Lingual,nome_exato + CODCONV,comprovada,['codigo_nro'],False,revisar,apply,nome preservado como chave semantica; codigo varia entre CODCONV e NROPROCTAB conforme presenca de CODCONV
146,3280,Gengivectomia ou Gengivoplastia - (por elemento),40702,3280,Gengivectomia ou Gengivoplastia - (por elemento),nome_exato + CODCONV,comprovada,['codigo_nro'],False,revisar,apply,nome preservado como chave semantica; codigo varia entre CODCONV e NROPROCTAB conforme presenca de CODCONV
147,3290,Gengivectomia ou Gengivoplastia - (por segmento),40703,3290,Gengivectomia ou Gengivoplastia - (por segmento),nome_exato + CODCONV,comprovada,['codigo_nro'],False,revisar,apply,nome preservado como chave semantica; codigo varia entre CODCONV e NROPROCTAB conforme presenca de CODCONV
148,3300,Gengivectomia palatina / lingual - (por elemento),40704,3300,Gengivectomia palatina / lingual - (por elemento),nome_exato + CODCONV,comprovada,['codigo_nro'],False,revisar,apply,nome preservado como chave semantica; codigo varia entre CODCONV e NROPROCTAB conforme presenca de CODCONV
149,3310,Gengivectomia palatina / lingual - (por segmento),40705,3310,Gengivectomia palatina / lingual - (por segmento),nome_exato + CODCONV,comprovada,['codigo_nro'],False,revisar,apply,nome preservado como chave semantica; codigo varia entre CODCONV e NROPROCTAB conforme presenca de CODCONV
150,3320,Manutenção Periodontal - (por sessão),,,,sem_correspondencia,sem_correspondencia,['sem_candidato'],False,avaliar inclusao,apply,nenhum candidato semantico confiavel encontrado
151,3330,Raspagem Sub-gengival e Curetagem de bolsa - (por segmento),40707,3330,Raspagem Sub-gengival e Curetagem de bolsa - (por segmento),nome_exato + CODCONV,comprovada,['codigo_nro'],False,revisar,apply,nome preservado como chave semantica; codigo varia entre CODCONV e NROPROCTAB conforme presenca de CODCONV
152,3340,Raspagem Supra-gengival - (por segmento),40708,3340,Raspagem Supra-gengival - (por segmento),nome_exato + CODCONV,comprovada,['codigo_nro'],False,revisar,apply,nome preservado como chave semantica; codigo varia entre CODCONV e NROPROCTAB conforme presenca de CODCONV
153,3350,Remoção de Fatores de Retenção - (por segmento),,,,sem_correspondencia,sem_correspondencia,['sem_candidato'],False,avaliar inclusao,apply,nenhum candidato semantico confiavel encontrado
154,3360,Sepultamento Radicular - (por raiz),40710,3360,Sepultamento Radicular - (por raiz),nome_exato + CODCONV,comprovada,['codigo_nro'],False,revisar,apply,nome preservado como chave semantica; codigo varia entre CODCONV e NROPROCTAB conforme presenca de CODCONV
155,3370,Ulectomia,40711,3370,Ulectomia,nome_exato + CODCONV,comprovada,['codigo_nro'],False,revisar,apply,nome preservado como chave semantica; codigo varia entre CODCONV e NROPROCTAB conforme presenca de CODCONV
156,1000,Aplicação de Cariostático - (sessão),,,,sem_correspondencia,sem_correspondencia,['sem_candidato'],False,avaliar inclusao,apply,nenhum candidato semantico confiavel encontrado
157,1010,Aplicação de Flúor Verniz - (por elemento),,,,sem_correspondencia,sem_correspondencia,['sem_candidato'],False,avaliar inclusao,apply,nenhum candidato semantico confiavel encontrado
158,1020,Aplicação de Selnate Oclusa Invasivo - (por elemento),,,,sem_correspondencia,sem_correspondencia,['sem_candidato'],False,avaliar inclusao,apply,nenhum candidato semantico confiavel encontrado
159,1030,Aplicação Tópica de Flúor,,,,sem_correspondencia,sem_correspondencia,['sem_candidato'],False,avaliar inclusao,apply,nenhum candidato semantico confiavel encontrado
160,1040,Controle da Placa Bacteriana - (por sessão),,,,sem_correspondencia,sem_correspondencia,['sem_candidato'],False,avaliar inclusao,apply,nenhum candidato semantico confiavel encontrado
161,1050,Instrução de Higiene Oral - (I.H.O.),,,,sem_correspondencia,sem_correspondencia,['sem_candidato'],False,avaliar inclusao,apply,nenhum candidato semantico confiavel encontrado
162,1060,Profilaxia - (Polimento com taça de borracha),,,,sem_correspondencia,sem_correspondencia,['sem_candidato'],False,avaliar inclusao,apply,nenhum candidato semantico confiavel encontrado
163,1070,Profilaxia - (Ultrason e Jato de Bicarbonato),40719,1070,Profilaxia - (Ultrason e Jato de Bicarbonato),nome_exato + CODCONV,comprovada,['codigo_nro'],False,revisar,apply,nome preservado como chave semantica; codigo varia entre CODCONV e NROPROCTAB conforme presenca de CODCONV
164,1080,Teste de fluxo salivar,40720,1080,Teste de fluxo salivar,nome_exato + CODCONV,comprovada,['codigo_nro'],False,revisar,apply,nome preservado como chave semantica; codigo varia entre CODCONV e NROPROCTAB conforme presenca de CODCONV
165,1090,Teste de Risco de Cárie,,,,sem_correspondencia,sem_correspondencia,['sem_candidato'],False,avaliar inclusao,apply,nenhum candidato semantico confiavel encontrado
166,8000,Attachment,40722,8000,Attachment,nome_exato + CODCONV,comprovada,['codigo_nro'],False,revisar,apply,nome preservado como chave semantica; codigo varia entre CODCONV e NROPROCTAB conforme presenca de CODCONV
167,8010,Casquete de moldagem,40723,8010,Casquete de moldagem,nome_exato + CODCONV,comprovada,['codigo_nro'],False,revisar,apply,nome preservado como chave semantica; codigo varia entre CODCONV e NROPROCTAB conforme presenca de CODCONV
168,8020,Conserto de Prótese Total e Parcial,,,,sem_correspondencia,sem_correspondencia,['sem_candidato'],False,avaliar inclusao,apply,nenhum candidato semantico confiavel encontrado
169,8030,Coroa em Resina Prensada,40725,8030,Coroa em Resina Prensada,nome_exato + CODCONV,comprovada,['codigo_nro'],False,revisar,apply,nome preservado como chave semantica; codigo varia entre CODCONV e NROPROCTAB conforme presenca de CODCONV
170,8040,Coroa em Resina Sinfony,40726,8040,Coroa em Resina Sinfony,nome_exato + CODCONV,comprovada,['codigo_nro'],False,revisar,apply,nome preservado como chave semantica; codigo varia entre CODCONV e NROPROCTAB conforme presenca de CODCONV
171,8050,Coroa em Resina sob implante,40727,8050,Coroa em Resina sob implante,nome_exato + CODCONV,comprovada,['codigo_nro'],False,revisar,apply,nome preservado como chave semantica; codigo varia entre CODCONV e NROPROCTAB conforme presenca de CODCONV
172,8060,Coroa Metal-free - (Cerampress),40728,8060,Coroa Metal-free - (Cerampress),nome_exato + CODCONV,comprovada,['codigo_nro'],False,revisar,apply,nome preservado como chave semantica; codigo varia entre CODCONV e NROPROCTAB conforme presenca de CODCONV
173,8070,Coroa Metal-free - (Inceram),40729,8070,Coroa Metal-free - (Inceram),nome_exato + CODCONV,comprovada,['codigo_nro'],False,revisar,apply,nome preservado como chave semantica; codigo varia entre CODCONV e NROPROCTAB conforme presenca de CODCONV
174,8080,Coroa Metal-free - (Procera),40730,8080,Coroa Metal-free - (Procera),nome_exato + CODCONV,comprovada,['codigo_nro'],False,revisar,apply,nome preservado como chave semantica; codigo varia entre CODCONV e NROPROCTAB conforme presenca de CODCONV
175,8090,Coroa Metal-free - (Zirconia; Sistema CAD/CAM),40731,8090,Coroa Metal-free - (Zirconia; Sistema CAD/CAM),nome_exato + CODCONV,comprovada,['codigo_nro'],False,revisar,apply,nome preservado como chave semantica; codigo varia entre CODCONV e NROPROCTAB conforme presenca de CODCONV
176,8100,Coroa Metal-free sob implante - (Cerampress),40732,8100,Coroa Metal-free sob implante - (Cerampress),nome_exato + CODCONV,comprovada,['codigo_nro'],False,revisar,apply,nome preservado como chave semantica; codigo varia entre CODCONV e NROPROCTAB conforme presenca de CODCONV
177,8110,Coroa Metal-free sob implante - (Inceram),40733,8110,Coroa Metal-free sob implante - (Inceram),nome_exato + CODCONV,comprovada,['codigo_nro'],False,revisar,apply,nome preservado como chave semantica; codigo varia entre CODCONV e NROPROCTAB conforme presenca de CODCONV
178,8120,Coroa Metal-free sob implante - (Procera),40734,8120,Coroa Metal-free sob implante - (Procera),nome_exato + CODCONV,comprovada,['codigo_nro'],False,revisar,apply,nome preservado como chave semantica; codigo varia entre CODCONV e NROPROCTAB conforme presenca de CODCONV
179,8130,Coroa Metal-free sob implante - (Zirconia; Sistema CAD/CAM),40735,8130,Coroa Metal-free sob implante - (Zirconia; Sistema CAD/CAM),nome_exato + CODCONV,comprovada,['codigo_nro'],False,revisar,apply,nome preservado como chave semantica; codigo varia entre CODCONV e NROPROCTAB conforme presenca de CODCONV
180,8140,Coroa metalo-cerâmica,,,,sem_correspondencia,sem_correspondencia,['sem_candidato'],False,avaliar inclusao,apply,nenhum candidato semantico confiavel encontrado
181,8150,Coroa Metalo-cerâmica sob implante,,,,sem_correspondencia,sem_correspondencia,['sem_candidato'],False,avaliar inclusao,apply,nenhum candidato semantico confiavel encontrado
182,8160,Coroa Provisória Imediata,,,,sem_correspondencia,sem_correspondencia,['sem_candidato'],False,avaliar inclusao,apply,nenhum candidato semantico confiavel encontrado
183,8161,Coroa Provisória de Onlay / Inlay,,,,sem_correspondencia,sem_correspondencia,['sem_candidato'],False,avaliar inclusao,apply,nenhum candidato semantico confiavel encontrado
184,8170,Coroa Provisória de Laboratório sob implante,,,,sem_correspondencia,sem_correspondencia,['sem_candidato'],False,avaliar inclusao,apply,nenhum candidato semantico confiavel encontrado
185,8180,Coroa metálica total,,,,sem_correspondencia,sem_correspondencia,['sem_candidato'],False,avaliar inclusao,apply,nenhum candidato semantico confiavel encontrado
186,8190,Coroa Provisória de Laboratório,,,,sem_correspondencia,sem_correspondencia,['sem_candidato'],False,avaliar inclusao,apply,nenhum candidato semantico confiavel encontrado
187,8500,E-MAX - Lente de contato,40743,8500,E-MAX - Lente de contato,nome_exato + CODCONV,comprovada,['codigo_nro'],False,revisar,apply,nome preservado como chave semantica; codigo varia entre CODCONV e NROPROCTAB conforme presenca de CODCONV
188,8481,E-MAX - Restauração Onlay / Inlay em Dissilicato de lítio,,,,sem_correspondencia,sem_correspondencia,['sem_candidato'],False,avaliar inclusao,apply,nenhum candidato semantico confiavel encontrado
189,8200,Enceramento de diagnóstico - (por elemento),,,,sem_correspondencia,sem_correspondencia,['sem_candidato'],False,avaliar inclusao,apply,nenhum candidato semantico confiavel encontrado
190,8210,Enceramento de diagnóstico por elemento sob implante,,,,sem_correspondencia,sem_correspondencia,['sem_candidato'],False,avaliar inclusao,apply,nenhum candidato semantico confiavel encontrado
191,8220,Faceta em Porcelana,40747,8220,Faceta em Porcelana,nome_exato + CODCONV,comprovada,['codigo_nro'],False,revisar,apply,nome preservado como chave semantica; codigo varia entre CODCONV e NROPROCTAB conforme presenca de CODCONV
192,8230,Faceta em Resina Acrilica,40748,8230,Faceta em Resina Acrilica,nome_exato + CODCONV,comprovada,['codigo_nro'],False,revisar,apply,nome preservado como chave semantica; codigo varia entre CODCONV e NROPROCTAB conforme presenca de CODCONV
193,8240,Guia Cirurgico,40749,8240,Guia Cirurgico,nome_exato + CODCONV,comprovada,['codigo_nro'],False,revisar,apply,nome preservado como chave semantica; codigo varia entre CODCONV e NROPROCTAB conforme presenca de CODCONV
194,8250,Jig ou Front-Platô,,,,sem_correspondencia,sem_correspondencia,['sem_candidato'],False,avaliar inclusao,apply,nenhum candidato semantico confiavel encontrado
195,8151,Munhão Universal - CM,,,,sem_correspondencia,sem_correspondencia,['sem_candidato'],False,avaliar inclusao,apply,nenhum candidato semantico confiavel encontrado
196,8270,Núcleo Metal-free estético,,,,sem_correspondencia,sem_correspondencia,['sem_candidato'],False,avaliar inclusao,apply,nenhum candidato semantico confiavel encontrado
197,8260,Núcleo Metálico-fundido,,,,sem_correspondencia,sem_correspondencia,['sem_candidato'],False,avaliar inclusao,apply,nenhum candidato semantico confiavel encontrado
199,8290,Placa de mordida miorrelaxante,40754,8290,Placa de mordida miorrelaxante,nome_exato + CODCONV,comprovada,['codigo_nro'],False,revisar,apply,nome preservado como chave semantica; codigo varia entre CODCONV e NROPROCTAB conforme presenca de CODCONV
200,8300,Placa para Bruxismo Acrílica,,,,sem_correspondencia,sem_correspondencia,['sem_candidato'],False,avaliar inclusao,apply,nenhum candidato semantico confiavel encontrado
201,8305,Placa para Bruxismo Mista - (Erkoflex),40756,8305,Placa para Bruxismo Mista - (Erkoflex),nome_exato + CODCONV,comprovada,['codigo_nro'],False,revisar,apply,nome preservado como chave semantica; codigo varia entre CODCONV e NROPROCTAB conforme presenca de CODCONV
202,8310,Placa para Clareamento,40757,8310,Placa para Clareamento,nome_exato + CODCONV,comprovada,['codigo_nro'],False,revisar,apply,nome preservado como chave semantica; codigo varia entre CODCONV e NROPROCTAB conforme presenca de CODCONV
203,8320,Prótese Parcial Fixa Adesiva Metal-free,,,,sem_correspondencia,sem_correspondencia,['sem_candidato'],False,avaliar inclusao,apply,nenhum candidato semantico confiavel encontrado
204,8330,Prótese Parcial Fixa Acrilica sob Implante,,,,sem_correspondencia,sem_correspondencia,['sem_candidato'],False,avaliar inclusao,apply,nenhum candidato semantico confiavel encontrado
205,8340,Prótese Parcial Fixa Metalo-cerâmica - (1 Pôntico),,,,sem_correspondencia,sem_correspondencia,['sem_candidato'],False,avaliar inclusao,apply,nenhum candidato semantico confiavel encontrado
206,8350,Prótese Parcial Fixa Metalo-cerâmica - (2 Pônticos),,,,sem_correspondencia,sem_correspondencia,['sem_candidato'],False,avaliar inclusao,apply,nenhum candidato semantico confiavel encontrado
207,8360,Prótese Parcial Fixa Metalo-plastica - (1 Pôntico),,,,sem_correspondencia,sem_correspondencia,['sem_candidato'],False,avaliar inclusao,apply,nenhum candidato semantico confiavel encontrado
208,8361,Prótese Parcial Fixa Metalo-plastica - (2 Pônticos),,,,sem_correspondencia,sem_correspondencia,['sem_candidato'],False,avaliar inclusao,apply,nenhum candidato semantico confiavel encontrado
209,8370,Prótese Parcial Fixa Provisória - (1 Pôntico),,,,sem_correspondencia,sem_correspondencia,['sem_candidato'],False,avaliar inclusao,apply,nenhum candidato semantico confiavel encontrado
210,8380,Prótese Parcial Removível - (Importada) / (por arcada),,,,sem_correspondencia,sem_correspondencia,['sem_candidato'],False,avaliar inclusao,apply,nenhum candidato semantico confiavel encontrado
211,8390,Prótese Parcial Removível - (por arcada),,,,sem_correspondencia,sem_correspondencia,['sem_candidato'],False,avaliar inclusao,apply,nenhum candidato semantico confiavel encontrado
212,8400,Prótese Parcial Removível Provisória - (por arcada),,,,sem_correspondencia,sem_correspondencia,['sem_candidato'],False,avaliar inclusao,apply,nenhum candidato semantico confiavel encontrado
213,8410,Prótese Total - (Importada) / (por arcada),,,,sem_correspondencia,sem_correspondencia,['sem_candidato'],False,avaliar inclusao,apply,nenhum candidato semantico confiavel encontrado
214,8420,Prótese Total - (por arcada),,,,sem_correspondencia,sem_correspondencia,['sem_candidato'],False,avaliar inclusao,apply,nenhum candidato semantico confiavel encontrado
215,8430,Prótese Total Imediada - (por arcada),,,,sem_correspondencia,sem_correspondencia,['sem_candidato'],False,avaliar inclusao,apply,nenhum candidato semantico confiavel encontrado
216,8291,Protetor bucal Playsafe,40771,8291,Protetor bucal Playsafe,nome_exato + CODCONV,comprovada,['codigo_nro'],False,revisar,apply,nome preservado como chave semantica; codigo varia entre CODCONV e NROPROCTAB conforme presenca de CODCONV
217,8440,Prótese Protocolo,,,,sem_correspondencia,sem_correspondencia,['sem_candidato'],False,avaliar inclusao,apply,nenhum candidato semantico confiavel encontrado
218,8450,Reembasamento de Coroa Provisória,,,,sem_correspondencia,sem_correspondencia,['sem_candidato'],False,avaliar inclusao,apply,nenhum candidato semantico confiavel encontrado
219,8460,Reembasamento Prótese Total ou Parcial,,,,sem_correspondencia,sem_correspondencia,['sem_candidato'],False,avaliar inclusao,apply,nenhum candidato semantico confiavel encontrado
220,8470,Restauração Metálica Fundida - RMF,,,,sem_correspondencia,sem_correspondencia,['sem_candidato'],False,avaliar inclusao,apply,nenhum candidato semantico confiavel encontrado
221,8480,Restauração Onlay / Inlay em Porcelana,,,,sem_correspondencia,sem_correspondencia,['sem_candidato'],False,avaliar inclusao,apply,nenhum candidato semantico confiavel encontrado
222,8490,Restauração Onlay / Inlay em Ceromero,,,,sem_correspondencia,sem_correspondencia,['sem_candidato'],False,avaliar inclusao,apply,nenhum candidato semantico confiavel encontrado
223,,Aparelho Autoligado (Arcada Inferior),40778,223,Aparelho Autoligado (Arcada Inferior),nome_exato + NROPROCTAB,comprovada,[],False,revisar,apply,nome preservado como chave semantica; codigo varia entre CODCONV e NROPROCTAB conforme presenca de CODCONV
224,,Aparelho Autoligado (Arcada Superior),40779,224,Aparelho Autoligado (Arcada Superior),nome_exato + NROPROCTAB,comprovada,[],False,revisar,apply,nome preservado como chave semantica; codigo varia entre CODCONV e NROPROCTAB conforme presenca de CODCONV
225,,Aparelho de contenção,,,,sem_correspondencia,sem_correspondencia,['sem_candidato'],False,avaliar inclusao,apply,nenhum candidato semantico confiavel encontrado
226,,Aparelho em uma arcada conjugado c/ ap. auxiliar,40781,226,Aparelho em uma arcada conjugado c/ ap. auxiliar,nome_exato + NROPROCTAB,comprovada,[],False,revisar,apply,nome preservado como chave semantica; codigo varia entre CODCONV e NROPROCTAB conforme presenca de CODCONV
227,,Aparelho extra bucal,40782,227,Aparelho extra bucal,nome_exato + NROPROCTAB,comprovada,[],False,revisar,apply,nome preservado como chave semantica; codigo varia entre CODCONV e NROPROCTAB conforme presenca de CODCONV
228,,Aparelho Ortodôntico Estético em Porcelana - (Arcada Inferior),,,,sem_correspondencia,sem_correspondencia,['sem_candidato'],False,avaliar inclusao,apply,nenhum candidato semantico confiavel encontrado
229,,Aparelho Ortodôntico Estético em Porcelana - (Arcada Superior),,,,sem_correspondencia,sem_correspondencia,['sem_candidato'],False,avaliar inclusao,apply,nenhum candidato semantico confiavel encontrado
230,,Aparelho Ortodôntico Estético em Zafira - (Arcada Inferior),,,,sem_correspondencia,sem_correspondencia,['sem_candidato'],False,avaliar inclusao,apply,nenhum candidato semantico confiavel encontrado
231,,Aparelho Ortodôntico Estético em Zafira - (Arcada Superior),,,,sem_correspondencia,sem_correspondencia,['sem_candidato'],False,avaliar inclusao,apply,nenhum candidato semantico confiavel encontrado
232,,Aparelho Ortodôntico Fixo - (Arcada Inferior),,,,sem_correspondencia,sem_correspondencia,['sem_candidato'],False,avaliar inclusao,apply,nenhum candidato semantico confiavel encontrado
233,,Aparelho Ortodôntico Fixo - (Arcada Superior),,,,sem_correspondencia,sem_correspondencia,['sem_candidato'],False,avaliar inclusao,apply,nenhum candidato semantico confiavel encontrado
234,,Aparelho Ortopedico,40789,234,Aparelho Ortopedico,nome_exato + NROPROCTAB,comprovada,[],False,revisar,apply,nome preservado como chave semantica; codigo varia entre CODCONV e NROPROCTAB conforme presenca de CODCONV
235,,Aparelho removivel,40790,235,Aparelho removivel,nome_exato + NROPROCTAB,comprovada,[],False,revisar,apply,nome preservado como chave semantica; codigo varia entre CODCONV e NROPROCTAB conforme presenca de CODCONV
236,,"Aparelhos auxiliares (extra-oral, ""Bumper"", etc)",40791,236,"Aparelhos auxiliares (extra-oral, ""Bumper"", etc)",nome_exato + NROPROCTAB,comprovada,[],False,revisar,apply,nome preservado como chave semantica; codigo varia entre CODCONV e NROPROCTAB conforme presenca de CODCONV
237,,Arco Palatino,40792,237,Arco Palatino,nome_exato + NROPROCTAB,comprovada,[],False,revisar,apply,nome preservado como chave semantica; codigo varia entre CODCONV e NROPROCTAB conforme presenca de CODCONV
238,,Ativador de Haulp,40793,238,Ativador de Haulp,nome_exato + NROPROCTAB,comprovada,[],False,revisar,apply,nome preservado como chave semantica; codigo varia entre CODCONV e NROPROCTAB conforme presenca de CODCONV
239,,Ativador de Rossi,40794,239,Ativador de Rossi,nome_exato + NROPROCTAB,comprovada,[],False,revisar,apply,nome preservado como chave semantica; codigo varia entre CODCONV e NROPROCTAB conforme presenca de CODCONV
240,,Ativador de Zurick - Suíça,,,,sem_correspondencia,sem_correspondencia,['sem_candidato'],False,avaliar inclusao,apply,nenhum candidato semantico confiavel encontrado
241,,Bandagem (Tubo bracket),40796,241,Bandagem (Tubo bracket),nome_exato + NROPROCTAB,comprovada,[],False,revisar,apply,nome preservado como chave semantica; codigo varia entre CODCONV e NROPROCTAB conforme presenca de CODCONV
242,,Bandagem (Tubo duplo),40797,242,Bandagem (Tubo duplo),nome_exato + NROPROCTAB,comprovada,[],False,revisar,apply,nome preservado como chave semantica; codigo varia entre CODCONV e NROPROCTAB conforme presenca de CODCONV
243,,Bandagem (Tubo simples),40798,243,Bandagem (Tubo simples),nome_exato + NROPROCTAB,comprovada,[],False,revisar,apply,nome preservado como chave semantica; codigo varia entre CODCONV e NROPROCTAB conforme presenca de CODCONV
244,,Bandagem (Tubo triplo),40799,244,Bandagem (Tubo triplo),nome_exato + NROPROCTAB,comprovada,[],False,revisar,apply,nome preservado como chave semantica; codigo varia entre CODCONV e NROPROCTAB conforme presenca de CODCONV
245,,Barra Transpalatina,40800,245,Barra Transpalatina,nome_exato + NROPROCTAB,comprovada,[],False,revisar,apply,nome preservado como chave semantica; codigo varia entre CODCONV e NROPROCTAB conforme presenca de CODCONV
246,,Bi-hélice,,,,sem_correspondencia,sem_correspondencia,['sem_candidato'],False,avaliar inclusao,apply,nenhum candidato semantico confiavel encontrado
247,,Bio-ajustador - Tecnica MD3,40802,247,Bio-ajustador - Tecnica MD3,nome_exato + NROPROCTAB,comprovada,[],False,revisar,apply,nome preservado como chave semantica; codigo varia entre CODCONV e NROPROCTAB conforme presenca de CODCONV
248,,Bionator - Super,40803,248,Bionator - Super,nome_exato + NROPROCTAB,comprovada,[],False,revisar,apply,nome preservado como chave semantica; codigo varia entre CODCONV e NROPROCTAB conforme presenca de CODCONV
249,,Bionator de Balters - Classe I,40804,249,Bionator de Balters - Classe I,nome_exato + NROPROCTAB,comprovada,[],False,revisar,apply,nome preservado como chave semantica; codigo varia entre CODCONV e NROPROCTAB conforme presenca de CODCONV
250,,Bionator de Balters - Classe II,40805,250,Bionator de Balters - Classe II,nome_exato + NROPROCTAB,comprovada,[],False,revisar,apply,nome preservado como chave semantica; codigo varia entre CODCONV e NROPROCTAB conforme presenca de CODCONV
251,,Bionator de Balters - Classe III,40806,251,Bionator de Balters - Classe III,nome_exato + NROPROCTAB,comprovada,[],False,revisar,apply,nome preservado como chave semantica; codigo varia entre CODCONV e NROPROCTAB conforme presenca de CODCONV
252,,Blinler - A,40807,252,Blinler - A,nome_exato + NROPROCTAB,comprovada,[],False,revisar,apply,nome preservado como chave semantica; codigo varia entre CODCONV e NROPROCTAB conforme presenca de CODCONV
253,,Blinler - B,40808,253,Blinler - B,nome_exato + NROPROCTAB,comprovada,[],False,revisar,apply,nome preservado como chave semantica; codigo varia entre CODCONV e NROPROCTAB conforme presenca de CODCONV
254,,Blinler - C,40809,254,Blinler - C,nome_exato + NROPROCTAB,comprovada,[],False,revisar,apply,nome preservado como chave semantica; codigo varia entre CODCONV e NROPROCTAB conforme presenca de CODCONV
255,,Botão de Nance,,,,sem_correspondencia,sem_correspondencia,['sem_candidato'],False,avaliar inclusao,apply,nenhum candidato semantico confiavel encontrado
256,,"Bracket (Bracket 0,18"" x 0,25"")",40811,256,"Bracket (Bracket 0,18"" x 0,25"")",nome_exato + NROPROCTAB,comprovada,[],False,revisar,apply,nome preservado como chave semantica; codigo varia entre CODCONV e NROPROCTAB conforme presenca de CODCONV
257,,"Bracket (Bracket 0,18"" x 0,30"")",40812,257,"Bracket (Bracket 0,18"" x 0,30"")",nome_exato + NROPROCTAB,comprovada,[],False,revisar,apply,nome preservado como chave semantica; codigo varia entre CODCONV e NROPROCTAB conforme presenca de CODCONV
258,,"Bracket (Bracket 0,22"" x 0,28"")",40813,258,"Bracket (Bracket 0,22"" x 0,28"")",nome_exato + NROPROCTAB,comprovada,[],False,revisar,apply,nome preservado como chave semantica; codigo varia entre CODCONV e NROPROCTAB conforme presenca de CODCONV
259,,Bracket (Bracket Straight-Wire),40814,259,Bracket (Bracket Straight-Wire),nome_exato + NROPROCTAB,comprovada,[],False,revisar,apply,nome preservado como chave semantica; codigo varia entre CODCONV e NROPROCTAB conforme presenca de CODCONV
260,,Contenção Fixa Lingual,,,,sem_correspondencia,sem_correspondencia,['sem_candidato'],False,avaliar inclusao,apply,nenhum candidato semantico confiavel encontrado
261,,Contenção móvel - (Placa de acetáto),,,,sem_correspondencia,sem_correspondencia,['sem_candidato'],False,avaliar inclusao,apply,nenhum candidato semantico confiavel encontrado
262,,Disjuntor de Hass,40817,262,Disjuntor de Hass,nome_exato + NROPROCTAB,comprovada,[],False,revisar,apply,nome preservado como chave semantica; codigo varia entre CODCONV e NROPROCTAB conforme presenca de CODCONV
263,,Disjuntor de Hirax,40818,263,Disjuntor de Hirax,nome_exato + NROPROCTAB,comprovada,[],False,revisar,apply,nome preservado como chave semantica; codigo varia entre CODCONV e NROPROCTAB conforme presenca de CODCONV
264,,Disjuntor Hirax RC,40819,264,Disjuntor Hirax RC,nome_exato + NROPROCTAB,comprovada,[],False,revisar,apply,nome preservado como chave semantica; codigo varia entre CODCONV e NROPROCTAB conforme presenca de CODCONV
265,,Disjuntor MC Namara - Resina,40820,265,Disjuntor MC Namara - Resina,nome_exato + NROPROCTAB,comprovada,[],False,revisar,apply,nome preservado como chave semantica; codigo varia entre CODCONV e NROPROCTAB conforme presenca de CODCONV
266,,Disjuntor MC Namara com Hirax,40821,266,Disjuntor MC Namara com Hirax,nome_exato + NROPROCTAB,comprovada,[],False,revisar,apply,nome preservado como chave semantica; codigo varia entre CODCONV e NROPROCTAB conforme presenca de CODCONV
267,,Disjuntor Omar Gabriel,40822,267,Disjuntor Omar Gabriel,nome_exato + NROPROCTAB,comprovada,[],False,revisar,apply,nome preservado como chave semantica; codigo varia entre CODCONV e NROPROCTAB conforme presenca de CODCONV
268,,Distabilizador Pendex com Pêndulo,,,,sem_correspondencia,sem_correspondencia,['sem_candidato'],False,avaliar inclusao,apply,nenhum candidato semantico confiavel encontrado
269,,Djuntor palatino,40824,269,Djuntor palatino,nome_exato + NROPROCTAB,comprovada,[],False,revisar,apply,nome preservado como chave semantica; codigo varia entre CODCONV e NROPROCTAB conforme presenca de CODCONV
270,,Documentação ortodôntica,,,,sem_correspondencia,sem_correspondencia,['sem_candidato'],False,avaliar inclusao,apply,nenhum candidato semantico confiavel encontrado
271,,Frankel - Classe I,40826,271,Frankel - Classe I,nome_exato + NROPROCTAB,comprovada,[],False,revisar,apply,nome preservado como chave semantica; codigo varia entre CODCONV e NROPROCTAB conforme presenca de CODCONV
272,,Frankel - Classe II,40827,272,Frankel - Classe II,nome_exato + NROPROCTAB,comprovada,[],False,revisar,apply,nome preservado como chave semantica; codigo varia entre CODCONV e NROPROCTAB conforme presenca de CODCONV
273,,Frankel - Classe III,40828,273,Frankel - Classe III,nome_exato + NROPROCTAB,comprovada,[],False,revisar,apply,nome preservado como chave semantica; codigo varia entre CODCONV e NROPROCTAB conforme presenca de CODCONV
274,,Frankel - Mordida Aberta,40829,274,Frankel - Mordida Aberta,nome_exato + NROPROCTAB,comprovada,[],False,revisar,apply,nome preservado como chave semantica; codigo varia entre CODCONV e NROPROCTAB conforme presenca de CODCONV
275,,Grade palatina fixa,40830,275,Grade palatina fixa,nome_exato + NROPROCTAB,comprovada,[],False,revisar,apply,nome preservado como chave semantica; codigo varia entre CODCONV e NROPROCTAB conforme presenca de CODCONV
276,,Grade palatina móvel,,,,sem_correspondencia,sem_correspondencia,['sem_candidato'],False,avaliar inclusao,apply,nenhum candidato semantico confiavel encontrado
277,,Klammt - Classe I,40832,277,Klammt - Classe I,nome_exato + NROPROCTAB,comprovada,[],False,revisar,apply,nome preservado como chave semantica; codigo varia entre CODCONV e NROPROCTAB conforme presenca de CODCONV
278,,Klammt - Classe II,40833,278,Klammt - Classe II,nome_exato + NROPROCTAB,comprovada,[],False,revisar,apply,nome preservado como chave semantica; codigo varia entre CODCONV e NROPROCTAB conforme presenca de CODCONV
279,,Klammt - Classe III,40834,279,Klammt - Classe III,nome_exato + NROPROCTAB,comprovada,[],False,revisar,apply,nome preservado como chave semantica; codigo varia entre CODCONV e NROPROCTAB conforme presenca de CODCONV
280,,Lip Bumper,40835,280,Lip Bumper,nome_exato + NROPROCTAB,comprovada,[],False,revisar,apply,nome preservado como chave semantica; codigo varia entre CODCONV e NROPROCTAB conforme presenca de CODCONV
281,,Mantenedor de espaço,,,,sem_correspondencia,sem_correspondencia,['sem_candidato'],False,avaliar inclusao,apply,nenhum candidato semantico confiavel encontrado
282,,Manutenção ortodôntico - (Mensal),,,,sem_correspondencia,sem_correspondencia,['sem_candidato'],False,avaliar inclusao,apply,nenhum candidato semantico confiavel encontrado
283,,Mentoneira,40838,283,Mentoneira,nome_exato + NROPROCTAB,comprovada,[],False,revisar,apply,nome preservado como chave semantica; codigo varia entre CODCONV e NROPROCTAB conforme presenca de CODCONV
284,,Ortopedia funcional dos maxilares,40839,284,Ortopedia funcional dos maxilares,nome_exato + NROPROCTAB,comprovada,[],False,revisar,apply,nome preservado como chave semantica; codigo varia entre CODCONV e NROPROCTAB conforme presenca de CODCONV
285,,Palatina ou arco lingual,40840,285,Palatina ou arco lingual,nome_exato + NROPROCTAB,comprovada,[],False,revisar,apply,nome preservado como chave semantica; codigo varia entre CODCONV e NROPROCTAB conforme presenca de CODCONV
286,,Placa 7/7,40841,286,Placa 7/7,nome_exato + NROPROCTAB,comprovada,[],False,revisar,apply,nome preservado como chave semantica; codigo varia entre CODCONV e NROPROCTAB conforme presenca de CODCONV
287,,Placa acoplada ao uso de arco extra bucal,40842,287,Placa acoplada ao uso de arco extra bucal,nome_exato + NROPROCTAB,comprovada,[],False,revisar,apply,nome preservado como chave semantica; codigo varia entre CODCONV e NROPROCTAB conforme presenca de CODCONV
288,,Placa ativa com molas,40843,288,Placa ativa com molas,nome_exato + NROPROCTAB,comprovada,[],False,revisar,apply,nome preservado como chave semantica; codigo varia entre CODCONV e NROPROCTAB conforme presenca de CODCONV
289,,Placa com arco alça dupla para expanção Y,,,,sem_correspondencia,sem_correspondencia,['sem_candidato'],False,avaliar inclusao,apply,nenhum candidato semantico confiavel encontrado
290,,Placa com arco de contenção contínua,,,,sem_correspondencia,sem_correspondencia,['sem_candidato'],False,avaliar inclusao,apply,nenhum candidato semantico confiavel encontrado
291,,Placa com arco de contenção de Baag,,,,sem_correspondencia,sem_correspondencia,['sem_candidato'],False,avaliar inclusao,apply,nenhum candidato semantico confiavel encontrado
292,,Placa com arco de controle dos caninos,40847,292,Placa com arco de controle dos caninos,nome_exato + NROPROCTAB,comprovada,[],False,revisar,apply,nome preservado como chave semantica; codigo varia entre CODCONV e NROPROCTAB conforme presenca de CODCONV
293,,Placa com arco seccionado para uso elasticos,40848,293,Placa com arco seccionado para uso elasticos,nome_exato + NROPROCTAB,comprovada,[],False,revisar,apply,nome preservado como chave semantica; codigo varia entre CODCONV e NROPROCTAB conforme presenca de CODCONV
294,,Placa com plano de mordida inclinado,40849,294,Placa com plano de mordida inclinado,nome_exato + NROPROCTAB,comprovada,[],False,revisar,apply,nome preservado como chave semantica; codigo varia entre CODCONV e NROPROCTAB conforme presenca de CODCONV
295,,Placa com plano de mordida posterior,40850,295,Placa com plano de mordida posterior,nome_exato + NROPROCTAB,comprovada,[],False,revisar,apply,nome preservado como chave semantica; codigo varia entre CODCONV e NROPROCTAB conforme presenca de CODCONV
296,,Placa com plano reto anterior,40851,296,Placa com plano reto anterior,nome_exato + NROPROCTAB,comprovada,[],False,revisar,apply,nome preservado como chave semantica; codigo varia entre CODCONV e NROPROCTAB conforme presenca de CODCONV
297,,Placa de Apnéia,,,,sem_correspondencia,sem_correspondencia,['sem_candidato'],False,avaliar inclusao,apply,nenhum candidato semantico confiavel encontrado
298,,Placa de ativação mandibular,,,,sem_correspondencia,sem_correspondencia,['sem_candidato'],False,avaliar inclusao,apply,nenhum candidato semantico confiavel encontrado
299,,Placa de Eschler,40854,299,Placa de Eschler,nome_exato + NROPROCTAB,comprovada,[],False,revisar,apply,nome preservado como chave semantica; codigo varia entre CODCONV e NROPROCTAB conforme presenca de CODCONV
300,,Placa de expansão para mordida cruzada,,,,sem_correspondencia,sem_correspondencia,['sem_candidato'],False,avaliar inclusao,apply,nenhum candidato semantico confiavel encontrado
301,,Placa de Hawley,40856,301,Placa de Hawley,nome_exato + NROPROCTAB,comprovada,[],False,revisar,apply,nome preservado como chave semantica; codigo varia entre CODCONV e NROPROCTAB conforme presenca de CODCONV
302,,Placa de Hawley invertido,40857,302,Placa de Hawley invertido,nome_exato + NROPROCTAB,comprovada,[],False,revisar,apply,nome preservado como chave semantica; codigo varia entre CODCONV e NROPROCTAB conforme presenca de CODCONV
303,,Placa de Mills,40858,303,Placa de Mills,nome_exato + NROPROCTAB,comprovada,[],False,revisar,apply,nome preservado como chave semantica; codigo varia entre CODCONV e NROPROCTAB conforme presenca de CODCONV
304,,Placa de ocupação lingual,,,,sem_correspondencia,sem_correspondencia,['sem_candidato'],False,avaliar inclusao,apply,nenhum candidato semantico confiavel encontrado
305,,Placa de Roberts,40860,305,Placa de Roberts,nome_exato + NROPROCTAB,comprovada,[],False,revisar,apply,nome preservado como chave semantica; codigo varia entre CODCONV e NROPROCTAB conforme presenca de CODCONV
306,,Placa dupla de avanço - Piamant,,,,sem_correspondencia,sem_correspondencia,['sem_candidato'],False,avaliar inclusao,apply,nenhum candidato semantico confiavel encontrado
307,,Placa interceptora de hábito,,,,sem_correspondencia,sem_correspondencia,['sem_candidato'],False,avaliar inclusao,apply,nenhum candidato semantico confiavel encontrado
308,,Placa labial ativa,40863,308,Placa labial ativa,nome_exato + NROPROCTAB,comprovada,[],False,revisar,apply,nome preservado como chave semantica; codigo varia entre CODCONV e NROPROCTAB conforme presenca de CODCONV
309,,Placa mantenedora de espaço.,,,,sem_correspondencia,sem_correspondencia,['sem_candidato'],False,avaliar inclusao,apply,nenhum candidato semantico confiavel encontrado
310,,Placa recuperadora de espaço,,,,sem_correspondencia,sem_correspondencia,['sem_candidato'],False,avaliar inclusao,apply,nenhum candidato semantico confiavel encontrado
311,,Planas Compostas,40866,311,Planas Compostas,nome_exato + NROPROCTAB,comprovada,[],False,revisar,apply,nome preservado como chave semantica; codigo varia entre CODCONV e NROPROCTAB conforme presenca de CODCONV
312,,Planas Simples,40867,312,Planas Simples,nome_exato + NROPROCTAB,comprovada,[],False,revisar,apply,nome preservado como chave semantica; codigo varia entre CODCONV e NROPROCTAB conforme presenca de CODCONV
313,,Quadri-hélice,,,,sem_correspondencia,sem_correspondencia,['sem_candidato'],False,avaliar inclusao,apply,nenhum candidato semantico confiavel encontrado
314,,Spling Retainer 3/3 4/4,40869,314,Spling Retainer 3/3 4/4,nome_exato + NROPROCTAB,comprovada,[],False,revisar,apply,nome preservado como chave semantica; codigo varia entre CODCONV e NROPROCTAB conforme presenca de CODCONV
315,,Twin Black,40870,315,Twin Black,nome_exato + NROPROCTAB,comprovada,[],False,revisar,apply,nome preservado como chave semantica; codigo varia entre CODCONV e NROPROCTAB conforme presenca de CODCONV
316,,"Vilma Simões - SN1, SN2, SN3, SN4, SN5",,,,sem_correspondencia,sem_correspondencia,['sem_candidato'],False,avaliar inclusao,apply,nenhum candidato semantico confiavel encontrado
317,,"Vilma Simões - SN6, SN7",,,,sem_correspondencia,sem_correspondencia,['sem_candidato'],False,avaliar inclusao,apply,nenhum candidato semantico confiavel encontrado
318,8315,Placa para Ortose,40873,8315,Placa para Ortose,nome_exato + CODCONV,comprovada,['codigo_nro'],False,revisar,apply,nome preservado como chave semantica; codigo varia entre CODCONV e NROPROCTAB conforme presenca de CODCONV
319,9000,Micro-agulhamento (Derma Roller),40874,9000,Micro-agulhamento (Derma Roller),nome_exato + CODCONV,comprovada,['codigo_nro'],False,revisar,apply,nome preservado como chave semantica; codigo varia entre CODCONV e NROPROCTAB conforme presenca de CODCONV
320,8292,Protetor bucal Playsafe Personalizado,40875,8292,Protetor bucal Playsafe Personalizado,nome_exato + CODCONV,comprovada,['codigo_nro'],False,revisar,apply,nome preservado como chave semantica; codigo varia entre CODCONV e NROPROCTAB conforme presenca de CODCONV
321,7050,Levanto de seio maxilar,40876,7050,Levanto de seio maxilar,nome_exato + CODCONV,comprovada,['codigo_nro'],False,revisar,apply,nome preservado como chave semantica; codigo varia entre CODCONV e NROPROCTAB conforme presenca de CODCONV
322,9010,Botox,40877,9010,Botox,nome_exato + CODCONV,comprovada,['codigo_nro'],False,revisar,apply,nome preservado como chave semantica; codigo varia entre CODCONV e NROPROCTAB conforme presenca de CODCONV
323,,Alinhadores Estéticos,,,,sem_correspondencia,sem_correspondencia,['sem_candidato'],False,avaliar inclusao,apply,nenhum candidato semantico confiavel encontrado
324,9020,Preenchimento,40879,9020,Preenchimento,nome_exato + CODCONV,comprovada,['codigo_nro'],False,revisar,apply,nome preservado como chave semantica; codigo varia entre CODCONV e NROPROCTAB conforme presenca de CODCONV
325,2081,Consulta de Reavaliação Clínica,,,,sem_correspondencia,sem_correspondencia,['sem_candidato'],False,avaliar inclusao,apply,nenhum candidato semantico confiavel encontrado
326,7060,Implante Zigomático,,,,sem_correspondencia,sem_correspondencia,['sem_candidato'],False,avaliar inclusao,apply,nenhum candidato semantico confiavel encontrado
327,9030,Lipo de papada,40882,9030,Lipo de papada,nome_exato + CODCONV,comprovada,['codigo_nro'],False,revisar,apply,nome preservado como chave semantica; codigo varia entre CODCONV e NROPROCTAB conforme presenca de CODCONV
328,8171,Coroa Provisória Imediata sob implante,,,,sem_correspondencia,sem_correspondencia,['sem_candidato'],False,avaliar inclusao,apply,nenhum candidato semantico confiavel encontrado
329,9040,Fios de sustentação,,,,sem_correspondencia,sem_correspondencia,['sem_candidato'],False,avaliar inclusao,apply,nenhum candidato semantico confiavel encontrado
330,9050,Bichectomia,40885,9050,Bichectomia,nome_exato + CODCONV,comprovada,['codigo_nro'],False,revisar,apply,nome preservado como chave semantica; codigo varia entre CODCONV e NROPROCTAB conforme presenca de CODCONV
331,2011,Cimentação adesiva,,,,sem_correspondencia,sem_correspondencia,['sem_candidato'],False,avaliar inclusao,apply,nenhum candidato semantico confiavel encontrado
332,7023,Implante Cone Morse + Enxerto,40887,7023,Implante Cone Morse + Enxerto,nome_exato + CODCONV,comprovada,['codigo_nro'],False,revisar,apply,nome preservado como chave semantica; codigo varia entre CODCONV e NROPROCTAB conforme presenca de CODCONV
333,8482,E-MAX - Jaqueta pura em dissilicato,40888,8482,E-MAX - Jaqueta pura em dissilicato,nome_exato + CODCONV,comprovada,['codigo_nro'],False,revisar,apply,nome preservado como chave semantica; codigo varia entre CODCONV e NROPROCTAB conforme presenca de CODCONV
334,2111,Foto extra-oral,40889,2111,Foto extra-oral,nome_exato + CODCONV,comprovada,['codigo_nro'],False,revisar,apply,nome preservado como chave semantica; codigo varia entre CODCONV e NROPROCTAB conforme presenca de CODCONV
335,8261,Núcleo Metálico fundido bi-partido,,,,sem_correspondencia,sem_correspondencia,['sem_candidato'],False,avaliar inclusao,apply,nenhum candidato semantico confiavel encontrado
336,,Remoção de aparelho ortodontico fixo.,,,,sem_correspondencia,sem_correspondencia,['sem_candidato'],False,avaliar inclusao,apply,nenhum candidato semantico confiavel encontrado
337,7070,Regeneração óssea guiada - ROG,,,,sem_correspondencia,sem_correspondencia,['sem_candidato'],False,avaliar inclusao,apply,nenhum candidato semantico confiavel encontrado
