procedimento_id,codigo,nome_atual_bruto,caracteres_suspeitos,reparo_diagnostico,nome_canonico_sql,nome_canonico_csv,nroproctab,codconv,metodo_correspondencia,nivel_confianca,motivo,acao
40557,6000,Alveoloplastia ou alveolotomia - (at 3 elementos),,Alveoloplastia ou alveolotomia - (até 3 elementos),Alveoloplastia ou alveolotomia - (até 3 elementos),Alveoloplastia ou alveolotomia - (até 3 elementos),1,6000,aproximacao_textual,medio,divergencia textual com correspondencia aproximada na fonte canonica,REVISAR
40558,6010,Alveoloplastica ou alveolotomia - (por sextante),,,Alveoloplastica ou alveolotomia - (por sextante),Alveoloplastica ou alveolotomia - (por sextante),2,6010,identico,baixo,nome atual ja coincide com a fonte canonica,MANTER
40559,6020,Bi¢psia,,Biópsia,Biópsia,Biópsia,3,6020,aproximacao_textual,medio,divergencia textual com correspondencia aproximada na fonte canonica,REVISAR
40560,6030,Cirurgia de Hipertrofia de L bio,,Cirurgia de Hipertrofia de Lábio,Cirurgia de Hipertrofia de Lábio,Cirurgia de Hipertrofia de Lábio,4,6030,aproximacao_textual,medio,divergencia textual com correspondencia aproximada na fonte canonica,REVISAR
40561,6040,Cirurgia para Cisto de Desenvolvimento,,,Cirurgia para Cisto de Desenvolvimento,Cirurgia para Cisto de Desenvolvimento,5,6040,identico,baixo,nome atual ja coincide com a fonte canonica,MANTER
40562,6050,Cirurgia para Microstomia,,,Cirurgia para Microstomia,Cirurgia para Microstomia,6,6050,identico,baixo,nome atual ja coincide com a fonte canonica,MANTER
40563,6060,Cirurgia para Osteoma e Odontoma,,,Cirurgia para Osteoma e Odontoma,Cirurgia para Osteoma e Odontoma,7,6060,identico,baixo,nome atual ja coincide com a fonte canonica,MANTER
40564,6070,Cirurgia para torus palatino unilateral,,,Cirurgia para torus palatino unilateral,Cirurgia para torus palatino unilateral,8,6070,identico,baixo,nome atual ja coincide com a fonte canonica,MANTER
40565,6080,Ciurgia para torus mandibular bilateral,,,Ciurgia para torus mandibular bilateral,Ciurgia para torus mandibular bilateral,9,6080,identico,baixo,nome atual ja coincide com a fonte canonica,MANTER
40566,6090,Ciurgia para t¢rus mandibular unilateral,,Ciurgia para tórus mandibular unilateral,Ciurgia para tórus mandibular unilateral,Ciurgia para tórus mandibular unilateral,10,6090,aproximacao_textual,medio,divergencia textual com correspondencia aproximada na fonte canonica,REVISAR
40567,6100,Cirurgia para torus palatino bilateral,,,Cirurgia para torus palatino bilateral,Cirurgia para torus palatino bilateral,11,6100,identico,baixo,nome atual ja coincide com a fonte canonica,MANTER
40568,6110,CorreÆo de bridas musculares,,Correção de bridas musculares,Correção de bridas musculares,Correção de bridas musculares,12,6110,aproximacao_textual,medio,divergencia textual com correspondencia aproximada na fonte canonica,REVISAR
40569,6120,Drenagem de abcesso por via intra ou extra-oral,,,Drenagem de abcesso por via intra ou extra-oral,Drenagem de abcesso por via intra ou extra-oral,13,6120,identico,baixo,nome atual ja coincide com a fonte canonica,MANTER
40570,6130,Cirurgia explorat¢ria,,Cirurgia exploratória,Cirurgia exploratória,Cirurgia exploratória,14,6130,aproximacao_textual,medio,divergencia textual com correspondencia aproximada na fonte canonica,REVISAR
40571,6140,ExcisÆo de glndula par¢tida,,Excisão de glândula parótida,Excisão de glândula parótida,Excisão de glândula parótida,15,6140,aproximacao_textual,medio,divergencia textual com correspondencia aproximada na fonte canonica,REVISAR
40572,6150,ExcisÆo de glndula sublingual,,Excisão de glândula sublingual,Excisão de glândula sublingual,Excisão de glândula sublingual,16,6150,aproximacao_textual,medio,divergencia textual com correspondencia aproximada na fonte canonica,REVISAR
40573,6160,ExcisÆo de glndula submandibular,,Excisão de glândula submandibular,Excisão de glândula submandibular,Excisão de glândula submandibular,17,6160,aproximacao_textual,medio,divergencia textual com correspondencia aproximada na fonte canonica,REVISAR
40574,6170,ExcisÆo de Mucocele,,Excisão de Mucocele,Excisão de Mucocele,Excisão de Mucocele,18,6170,aproximacao_textual,medio,divergencia textual com correspondencia aproximada na fonte canonica,REVISAR
40575,6180,ExcisÆo de rnula,,Excisão de rânula,Excisão de rânula,Excisão de rânula,19,6180,aproximacao_textual,medio,divergencia textual com correspondencia aproximada na fonte canonica,REVISAR
40576,6190,ExcisÆo de tumores odontognicos at 3 cm,,Excisão de tumores odontogênicos até 3 cm,Excisão de tumores odontogênicos até 3 cm,Excisão de tumores odontogênicos até 3 cm,20,6190,aproximacao_textual,medio,divergencia textual com correspondencia aproximada na fonte canonica,REVISAR
40577,6200,Exodontia de dec¡duos,,Exodontia de decíduos,Exodontia de decíduos,Exodontia de decíduos,21,6200,aproximacao_textual,medio,divergencia textual com correspondencia aproximada na fonte canonica,REVISAR
40578,6210,Exodontia de incluso,,,Exodontia de incluso,Exodontia de incluso,22,6210,identico,baixo,nome atual ja coincide com a fonte canonica,MANTER
40579,6220,Exodontia de incluso impactado,,,Exodontia de incluso impactado,Exodontia de incluso impactado,23,6220,identico,baixo,nome atual ja coincide com a fonte canonica,MANTER
40580,6230,Exodontia de raiz residual,,,Exodontia de raiz residual,Exodontia de raiz residual,24,6230,identico,baixo,nome atual ja coincide com a fonte canonica,MANTER
40581,6240,Exodontia de raiz residual com retalho,,,Exodontia de raiz residual com retalho,Exodontia de raiz residual com retalho,25,6240,identico,baixo,nome atual ja coincide com a fonte canonica,MANTER
40582,6250,Exodontia de semi-incluso,,,Exodontia de semi-incluso,Exodontia de semi-incluso,26,6250,identico,baixo,nome atual ja coincide com a fonte canonica,MANTER
40583,6260,Exodontia + Enxerto + membrana,,,Exodontia + Enxerto + membrana,Exodontia + Enxerto + membrana,27,6260,identico,baixo,nome atual ja coincide com a fonte canonica,MANTER
40584,6270,Exodontia simples - (Anteriores),,,Exodontia simples - (Anteriores),Exodontia simples - (Anteriores),28,6270,identico,baixo,nome atual ja coincide com a fonte canonica,MANTER
40585,6280,Exodontia simples - (Posteriores),,,Exodontia simples - (Posteriores),Exodontia simples - (Posteriores),29,6280,identico,baixo,nome atual ja coincide com a fonte canonica,MANTER
40586,6290,Fraturas alvdio-dent rias - reduÆo cruenta, ,Fraturas alvédio-dentárias - redução cruenta,Fraturas alvédio-dentárias - redução cruenta,Fraturas alvédio-dentárias - redução cruenta,30,6290,aproximacao_textual,medio,divergencia textual com correspondencia aproximada na fonte canonica,REVISAR
40587,6300,MarzupializaÆo de cisto,,Marzupialização de cisto,Marzupialização de cisto,Marzupialização de cisto,31,6300,aproximacao_textual,medio,divergencia textual com correspondencia aproximada na fonte canonica,REVISAR
40588,6310,ReconstruÆo parcial do l bio traumatizado,,Reconstrução parcial do lábio traumatizado,Reconstrução parcial do lábio traumatizado,Reconstrução parcial do lábio traumatizado,32,6310,aproximacao_textual,medio,divergencia textual com correspondencia aproximada na fonte canonica,REVISAR
40589,6320,ReconstruÆo total do l bio traumatizado,,Reconstrução total do lábio traumatizado,Reconstrução total do lábio traumatizado,Reconstrução total do lábio traumatizado,33,6320,aproximacao_textual,medio,divergencia textual com correspondencia aproximada na fonte canonica,REVISAR
40590,6330,Suturas m£ltiplas da face ou l bio,,Suturas múltiplas da face ou lábio,Suturas múltiplas da face ou lábio,Suturas múltiplas da face ou lábio,34,6330,aproximacao_textual,medio,divergencia textual com correspondencia aproximada na fonte canonica,REVISAR
40591,6340,Suturas simples da face ou l bio,,Suturas simples da face ou lábio,Suturas simples da face ou lábio,Suturas simples da face ou lábio,35,6340,aproximacao_textual,medio,divergencia textual com correspondencia aproximada na fonte canonica,REVISAR
40592,6350,Tratamento de alveolite,,,Tratamento de alveolite,Tratamento de alveolite,36,6350,identico,baixo,nome atual ja coincide com a fonte canonica,MANTER
40593,6360,Tratamento de hemorragia,,,Tratamento de hemorragia,Tratamento de hemorragia,37,6360,identico,baixo,nome atual ja coincide com a fonte canonica,MANTER
40594,6370,Tratamento cir£rgico do l bio leporino,,Tratamento cirúrgico do lábio leporino,Tratamento cirúrgico do lábio leporino,Tratamento cirúrgico do lábio leporino,38,6370,aproximacao_textual,medio,divergencia textual com correspondencia aproximada na fonte canonica,REVISAR
40595,5000,AdequaÆo de meio bucal,,Adequação de meio bucal,Adequação de meio bucal,Adequação de meio bucal,39,5000,aproximacao_textual,medio,divergencia textual com correspondencia aproximada na fonte canonica,REVISAR
40596,5010,Ajuste oclusal - (por sessÆo),,Ajuste oclusal - (por sessão),Ajuste oclusal - (por sessão),Ajuste oclusal - (por sessão),40,5010,aproximacao_textual,medio,divergencia textual com correspondencia aproximada na fonte canonica,REVISAR
40597,5020,Capeamento pulpar,,,Capeamento pulpar,Capeamento pulpar,41,5020,identico,baixo,nome atual ja coincide com a fonte canonica,MANTER
40598,5030,Clareamento - (Caseiro),,,Clareamento - (Caseiro),Clareamento - (Caseiro),42,5030,identico,baixo,nome atual ja coincide com a fonte canonica,MANTER
40599,5040,Clareamento - (Laser),,,Clareamento - (Laser),Clareamento - (Laser),43,5040,identico,baixo,nome atual ja coincide com a fonte canonica,MANTER
40600,5050,Clareamento interno - (dentes desvitalizados),,,Clareamento interno - (dentes desvitalizados),Clareamento interno - (dentes desvitalizados),44,5050,identico,baixo,nome atual ja coincide com a fonte canonica,MANTER
40601,5060,DessensibilizaÆo dent ria - (por elemento),,Dessensibilização dentária - (por elemento),Dessensibilização dentária - (por elemento),Dessensibilização dentária - (por elemento),45,5060,aproximacao_textual,medio,divergencia textual com correspondencia aproximada na fonte canonica,REVISAR
40602,5070,Faceta em resina direta - (Dentes anteriores),,,Faceta em resina direta - (Dentes anteriores),Faceta em resina direta - (Dentes anteriores),46,5070,identico,baixo,nome atual ja coincide com a fonte canonica,MANTER
40603,5080,ImobilizaÆo dent ria com resina fotopolimeriz vel,,Imobilização dentária com resina fotopolimerizável,Imobilização dentária com resina fotopolimerizável,Imobilização dentária com resina fotopolimerizável,47,5080,aproximacao_textual,medio,divergencia textual com correspondencia aproximada na fonte canonica,REVISAR
40604,5090,ImobilizaÆo dent ria (esplintagem),,Imobilização dentária (esplintagem),Imobilização dentária (esplintagem),Imobilização dentária (esplintagem),48,5090,aproximacao_textual,medio,divergencia textual com correspondencia aproximada na fonte canonica,REVISAR
40605,5121,N£cleo de preenchimento,,Núcleo de preenchimento,Núcleo de preenchimento,Núcleo de preenchimento,49,5121,aproximacao_textual,medio,divergencia textual com correspondencia aproximada na fonte canonica,REVISAR
40606,5100,N£cleo de preenchimento em ionmetro de vidro,,Núcleo de preenchimento em ionômetro de vidro,Núcleo de preenchimento em ionômetro de vidro,Núcleo de preenchimento em ionômetro de vidro,50,5100,aproximacao_textual,medio,divergencia textual com correspondencia aproximada na fonte canonica,REVISAR
40607,5110,N£cleo de preenchimento em resina,,Núcleo de preenchimento em resina,Núcleo de preenchimento em resina,Núcleo de preenchimento em resina,51,5110,aproximacao_textual,medio,divergencia textual com correspondencia aproximada na fonte canonica,REVISAR
40608,5120,N£cleo fibra de vidro,,Núcleo fibra de vidro,Núcleo fibra de vidro,Núcleo fibra de vidro,52,5120,aproximacao_textual,medio,divergencia textual com correspondencia aproximada na fonte canonica,REVISAR
40609,5130,N£cleo met lico pr-fabricado,,Núcleo metálico pré-fabricado,Núcleo metálico pré-fabricado,Núcleo metálico pré-fabricado,53,5130,aproximacao_textual,medio,divergencia textual com correspondencia aproximada na fonte canonica,REVISAR
40610,5140,N£cleo rosqueavel - (Roach),,Núcleo rosqueavel - (Roach),Núcleo rosqueavel - (Roach),Núcleo rosqueavel - (Roach),54,5140,aproximacao_textual,medio,divergencia textual com correspondencia aproximada na fonte canonica,REVISAR
40611,5150,Polimento e Acabamento,,,Polimento e Acabamento,Polimento e Acabamento,55,5150,identico,baixo,nome atual ja coincide com a fonte canonica,MANTER
40612,5160,ReconstruÆo em Resina Direta - (+ de 3 Faces),,Reconstrução em Resina Direta - (+ de 3 Faces),Reconstrução em Resina Direta - (+ de 3 Faces),Reconstrução em Resina Direta - (+ de 3 Faces),56,5160,aproximacao_textual,medio,divergencia textual com correspondencia aproximada na fonte canonica,REVISAR
40613,5170,RestauraÆo de Am lgama - 1 face,,Restauração de Amálgama - 1 face,Restauração de Amálgama - 1 face,Restauração de Amálgama - 1 face,57,5170,aproximacao_textual,medio,divergencia textual com correspondencia aproximada na fonte canonica,REVISAR
40614,5180,RestauraÆo de Am lgama - 2 faces,,Restauração de Amálgama - 2 faces,Restauração de Amálgama - 2 faces,Restauração de Amálgama - 2 faces,58,5180,aproximacao_textual,medio,divergencia textual com correspondencia aproximada na fonte canonica,REVISAR
40615,5190,RestauraÆo de Am lgama - 3 faces,,Restauração de Amálgama - 3 faces,Restauração de Amálgama - 3 faces,Restauração de Amálgama - 3 faces,59,5190,aproximacao_textual,medio,divergencia textual com correspondencia aproximada na fonte canonica,REVISAR
40616,5200,Procedimento 5200,,,,,,,sem_correspondencia,baixo,nao foi possivel associar nome canonico com seguranca,BLOQUEAR
40617,5210,RestauraÆo em Resina Direta - (1 Face),,Restauração em Resina Direta - (1 Face),Restauração em Resina Direta - (1 Face),Restauração em Resina Direta - (1 Face),61,5210,aproximacao_textual,medio,divergencia textual com correspondencia aproximada na fonte canonica,REVISAR
40618,5220,RestauraÆo em Resina Direta - (2 Faces),,Restauração em Resina Direta - (2 Faces),Restauração em Resina Direta - (2 Faces),Restauração em Resina Direta - (2 Faces),62,5220,aproximacao_textual,medio,divergencia textual com correspondencia aproximada na fonte canonica,REVISAR
40619,5230,RestauraÆo em Resina Direta - (3 Faces),,Restauração em Resina Direta - (3 Faces),Restauração em Resina Direta - (3 Faces),Restauração em Resina Direta - (3 Faces),63,5230,aproximacao_textual,medio,divergencia textual com correspondencia aproximada na fonte canonica,REVISAR
40620,5240,RestauraÆo em Resina Direta - (Classe IV),,Restauração em Resina Direta - (Classe IV),Restauração em Resina Direta - (Classe IV),Restauração em Resina Direta - (Classe IV),64,5240,aproximacao_textual,medio,divergencia textual com correspondencia aproximada na fonte canonica,REVISAR
40621,5250,RestauraÆo em Resina Direta - (Classe V),,Restauração em Resina Direta - (Classe V),Restauração em Resina Direta - (Classe V),Restauração em Resina Direta - (Classe V),65,5250,aproximacao_textual,medio,divergencia textual com correspondencia aproximada na fonte canonica,REVISAR
40622,5260,RestauraÆo tempor ria (IRM ou similar),,Restauração temporária (IRM ou similar),Restauração temporária (IRM ou similar),Restauração temporária (IRM ou similar),66,5260,aproximacao_textual,medio,divergencia textual com correspondencia aproximada na fonte canonica,REVISAR
40623,5270,Tratamento Expectante com H. C lcio,,Tratamento Expectante com H. Cálcio,Tratamento Expectante com H. Cálcio,Tratamento Expectante com H. Cálcio,67,5270,aproximacao_textual,medio,divergencia textual com correspondencia aproximada na fonte canonica,REVISAR
40624,4000,Apicectomia em Incisivos com enxerto leofilizado,,,Apicectomia em Incisivos com enxerto leofilizado,Apicectomia em Incisivos com enxerto leofilizado,68,4000,identico,baixo,nome atual ja coincide com a fonte canonica,MANTER
40625,4010,Apicectomia em Incisivos com obturaÆo retr¢grada,,Apicectomia em Incisivos com obturação retrógrada,Apicectomia em Incisivos com obturação retrógrada,Apicectomia em Incisivos com obturação retrógrada,69,4010,aproximacao_textual,medio,divergencia textual com correspondencia aproximada na fonte canonica,REVISAR
40626,4020,Apicectomia em Incisivos curetagem apical,,,Apicectomia em Incisivos curetagem apical,Apicectomia em Incisivos curetagem apical,70,4020,identico,baixo,nome atual ja coincide com a fonte canonica,MANTER
40627,4030,Apicectomia em Molares com enxerto leofilizado,,,Apicectomia em Molares com enxerto leofilizado,Apicectomia em Molares com enxerto leofilizado,71,4030,identico,baixo,nome atual ja coincide com a fonte canonica,MANTER
40628,4040,Apicectomia em Molares com obturaÆo retr¢grada,,Apicectomia em Molares com obturação retrógrada,Apicectomia em Molares com obturação retrógrada,Apicectomia em Molares com obturação retrógrada,72,4040,aproximacao_textual,medio,divergencia textual com correspondencia aproximada na fonte canonica,REVISAR
40629,4050,Apicectomia em Molares curetagem apical,,,Apicectomia em Molares curetagem apical,Apicectomia em Molares curetagem apical,73,4050,identico,baixo,nome atual ja coincide com a fonte canonica,MANTER
40630,4060,Apicectomia em Pr-molares com enxerto leofilizado,,Apicectomia em Pré-molares com enxerto leofilizado,Apicectomia em Pré-molares com enxerto leofilizado,Apicectomia em Pré-molares com enxerto leofilizado,74,4060,aproximacao_textual,medio,divergencia textual com correspondencia aproximada na fonte canonica,REVISAR
40631,4070,Apicectomia em Pr-molares com obturaÆo retr¢grada, ,Apicectomia em Pré-molares com obturação retrógrada,Apicectomia em Pré-molares com obturação retrógrada,Apicectomia em Pré-molares com obturação retrógrada,75,4070,aproximacao_textual,medio,divergencia textual com correspondencia aproximada na fonte canonica,REVISAR
40632,4080,Apicectomia em Pr-molares curetagem apical,,Apicectomia em Pré-molares curetagem apical,Apicectomia em Pré-molares curetagem apical,Apicectomia em Pré-molares curetagem apical,76,4080,aproximacao_textual,medio,divergencia textual com correspondencia aproximada na fonte canonica,REVISAR
40633,4090,Clareamento Interno,,,Clareamento Interno,Clareamento Interno,77,4090,identico,baixo,nome atual ja coincide com a fonte canonica,MANTER
40634,4100,DesobturaÆo de canal,,Desobturação de canal,Desobturação de canal,Desobturação de canal,78,4100,aproximacao_textual,medio,divergencia textual com correspondencia aproximada na fonte canonica,REVISAR
40635,4110,Preparo para N£cleo intra-radicular,,Preparo para Núcleo intra-radicular,Preparo para Núcleo intra-radicular,Preparo para Núcleo intra-radicular,79,4110,aproximacao_textual,medio,divergencia textual com correspondencia aproximada na fonte canonica,REVISAR
40636,4120,Pulpotomia,,,Pulpotomia,Pulpotomia,80,4120,identico,baixo,nome atual ja coincide com a fonte canonica,MANTER
40637,4130,Reimplante dentes avuls. trauma + ap. contenÆo,,Reimplante dentes avuls. trauma + ap. contenção,Reimplante dentes avuls. trauma + ap. contenção,Reimplante dentes avuls. trauma + ap. contenção,81,4130,aproximacao_textual,medio,divergencia textual com correspondencia aproximada na fonte canonica,REVISAR
40638,4140,RemoÆo de Coroal Total,,Remoção de Coroal Total,Remoção de Coroal Total,Remoção de Coroal Total,82,4140,aproximacao_textual,medio,divergencia textual com correspondencia aproximada na fonte canonica,REVISAR
40639,4150,RemoÆo de n£cleo intraradicular,,Remoção de núcleo intraradicular,Remoção de núcleo intraradicular,Remoção de núcleo intraradicular,83,4150,aproximacao_textual,medio,divergencia textual com correspondencia aproximada na fonte canonica,REVISAR
40640,4160,Retratamento de Canal - (Incisivos),,,Retratamento de Canal - (Incisivos),Retratamento de Canal - (Incisivos),84,4160,identico,baixo,nome atual ja coincide com a fonte canonica,MANTER
40641,4170,Retratamento de Canal - (Molares com 4 ou mais condutos),,,Retratamento de Canal - (Molares com 4 ou mais condutos),Retratamento de Canal - (Molares com 4 ou mais condutos),85,4170,identico,baixo,nome atual ja coincide com a fonte canonica,MANTER
40642,4180,Retratamento de Canal - (Molares),,,Retratamento de Canal - (Molares),Retratamento de Canal - (Molares),86,4180,identico,baixo,nome atual ja coincide com a fonte canonica,MANTER
40643,4190,Retratamento de Canal - (Pr-molares),,Retratamento de Canal - (Pré-molares),Retratamento de Canal - (Pré-molares),Retratamento de Canal - (Pré-molares),87,4190,aproximacao_textual,medio,divergencia textual com correspondencia aproximada na fonte canonica,REVISAR
40644,4200,Tratamento cirurgico de lesÆo endo-perio - (Curetagem),,Tratamento cirurgico de lesão endo-perio - (Curetagem),Tratamento cirurgico de lesão endo-perio - (Curetagem),Tratamento cirurgico de lesão endo-perio - (Curetagem),88,4200,aproximacao_textual,medio,divergencia textual com correspondencia aproximada na fonte canonica,REVISAR
40645,4210,Tratamento cirurgico de lesÆo endo-perio com enxerto leofilizado,,Tratamento cirurgico de lesão endo-perio com enxerto leofilizado,Tratamento cirurgico de lesão endo-perio com enxerto leofilizado,Tratamento cirurgico de lesão endo-perio com enxerto leofilizado,89,4210,aproximacao_textual,medio,divergencia textual com correspondencia aproximada na fonte canonica,REVISAR
40646,4220,Tratamento de Canal - (Incisivos),,,Tratamento de Canal - (Incisivos),Tratamento de Canal - (Incisivos),90,4220,identico,baixo,nome atual ja coincide com a fonte canonica,MANTER
40647,4230,Tratamento de Canal - (Molares com mais de 3 condutos),,,Tratamento de Canal - (Molares com mais de 3 condutos),Tratamento de Canal - (Molares com mais de 3 condutos),91,4230,identico,baixo,nome atual ja coincide com a fonte canonica,MANTER
40648,4240,Tratamento de Canal - (Molares),,,Tratamento de Canal - (Molares),Tratamento de Canal - (Molares),92,4240,identico,baixo,nome atual ja coincide com a fonte canonica,MANTER
40649,4250,Tratamento de Canal - (Pr-molares),,Tratamento de Canal - (Pré-molares),Tratamento de Canal - (Pré-molares),Tratamento de Canal - (Pré-molares),93,4250,aproximacao_textual,medio,divergencia textual com correspondencia aproximada na fonte canonica,REVISAR
40650,4260,Tratamento de dentes c/ rizogenese incompleta - (Por sessÆo),,Tratamento de dentes c/ rizogenese incompleta - (Por sessão),Tratamento de dentes c/ rizogenese incompleta - (Por sessão),Tratamento de dentes c/ rizogenese incompleta - (Por sessão),94,4260,aproximacao_textual,medio,divergencia textual com correspondencia aproximada na fonte canonica,REVISAR
40651,4270,Tratamento de Trepanaäes / Perfuraäes,,Tratamento de Trepanações / Perfurações,Tratamento de Trepanações / Perfurações,Tratamento de Trepanações / Perfurações,95,4270,aproximacao_textual,medio,divergencia textual com correspondencia aproximada na fonte canonica,REVISAR
40652,2000,CimentaÆo de Coroa Total Definitiva,,Cimentação de Coroa Total Definitiva,Cimentação de Coroa Total Definitiva,Cimentação de Coroa Total Definitiva,96,2000,aproximacao_textual,medio,divergencia textual com correspondencia aproximada na fonte canonica,REVISAR
40653,2010,CimentaÆo de Coroa Total Provis¢ria,,Cimentação de Coroa Total Provisória,Cimentação de Coroa Total Provisória,Cimentação de Coroa Total Provisória,97,2010,aproximacao_textual,medio,divergencia textual com correspondencia aproximada na fonte canonica,REVISAR
40654,2020,CimentaÆo de N£cleo Met lico Fundido,,Cimentação de Núcleo Metálico Fundido,Cimentação de Núcleo Metálico Fundido,Cimentação de Núcleo Metálico Fundido,98,2020,aproximacao_textual,medio,divergencia textual com correspondencia aproximada na fonte canonica,REVISAR
40655,2030,CimentaÆo de Pr¢tese Parcial Fixa,,Cimentação de Prótese Parcial Fixa,Cimentação de Prótese Parcial Fixa,Cimentação de Prótese Parcial Fixa,99,2030,aproximacao_textual,medio,divergencia textual com correspondencia aproximada na fonte canonica,REVISAR
40656,2040,Consulta de adaptaÆo Psicol¢gica,,Consulta de adaptação Psicológica,Consulta de adaptação Psicológica,Consulta de adaptação Psicológica,100,2040,aproximacao_textual,medio,divergencia textual com correspondencia aproximada na fonte canonica,REVISAR
40657,2050,Consulta de Emergncia,,Consulta de Emergência,Consulta de Emergência,Consulta de Emergência,101,2050,aproximacao_textual,medio,divergencia textual com correspondencia aproximada na fonte canonica,REVISAR
40658,2060,"Consulta de Emergncia - (S bado, Domingo e Feriado)",,"Consulta de Emergência - (Sábado, Domingo e Feriado)","Consulta de Emergência - (Sábado, Domingo e Feriado)","Consulta de Emergência - (Sábado, Domingo e Feriado)",102,2060,aproximacao_textual,medio,divergencia textual com correspondencia aproximada na fonte canonica,REVISAR
40659,2070,Consulta de Emergncia Noturna - (22:00 s 06:00 hs),,Consulta de Emergência Noturna - (22:00 às 06:00 hs),Consulta de Emergência Noturna - (22:00 às 06:00 hs),Consulta de Emergência Noturna - (22:00 às 06:00 hs),103,2070,aproximacao_textual,medio,divergencia textual com correspondencia aproximada na fonte canonica,REVISAR
40660,2080,Consulta Inicial para Exame cl¡nico,,Consulta Inicial para Exame clínico,Consulta Inicial para Exame clínico,Consulta Inicial para Exame clínico,104,2080,aproximacao_textual,medio,divergencia textual com correspondencia aproximada na fonte canonica,REVISAR
40661,2090,Curativo,,,Curativo,Curativo,105,2090,identico,baixo,nome atual ja coincide com a fonte canonica,MANTER
40662,2100,Exame para Per¡cia Inicial e Final,,Exame para Perícia Inicial e Final,Exame para Perícia Inicial e Final,Exame para Perícia Inicial e Final,106,2100,aproximacao_textual,medio,divergencia textual com correspondencia aproximada na fonte canonica,REVISAR
40663,2110,Modelo de Estudo - (Superior e Infeiror),,,Modelo de Estudo - (Superior e Infeiror),Modelo de Estudo - (Superior e Infeiror),107,2110,identico,baixo,nome atual ja coincide com a fonte canonica,MANTER
40664,2120,Radiografia Bite-Wing - (inter-proximal),,,Radiografia Bite-Wing - (inter-proximal),Radiografia Bite-Wing - (inter-proximal),108,2120,identico,baixo,nome atual ja coincide com a fonte canonica,MANTER
40665,2130,Radiografia Oclusal,,,Radiografia Oclusal,Radiografia Oclusal,109,2130,identico,baixo,nome atual ja coincide com a fonte canonica,MANTER
40666,2140,Radiografia Periapical,,,Radiografia Periapical,Radiografia Periapical,110,2140,identico,baixo,nome atual ja coincide com a fonte canonica,MANTER
40667,7040,Enxerto Osseo Particulado + Membrana colageno.,,,Enxerto Osseo Particulado + Membrana colageno.,Enxerto Osseo Particulado + Membrana colageno.,111,7040,identico,baixo,nome atual ja coincide com a fonte canonica,MANTER
40668,7000,Implante - (tcnica de Sammers),,Implante - (técnica de Sammers),Implante - (técnica de Sammers),Implante - (técnica de Sammers),112,7000,aproximacao_textual,medio,divergencia textual com correspondencia aproximada na fonte canonica,REVISAR
40669,7010,Implante (RTG),,,Implante (RTG),Implante (RTG),113,7010,identico,baixo,nome atual ja coincide com a fonte canonica,MANTER
40670,7022,Implante ¢sseo integr vel - Cone Morse,,Implante ósseo integrável - Cone Morse,Implante ósseo integrável - Cone Morse,Implante ósseo integrável - Cone Morse,114,7022,aproximacao_textual,medio,divergencia textual com correspondencia aproximada na fonte canonica,REVISAR
40671,7021,Implante ¢sseo integr vel - H. Interno,,Implante ósseo integrável - H. Interno,Implante ósseo integrável - H. Interno,Implante ósseo integrável - H. Interno,115,7021,aproximacao_textual,medio,divergencia textual com correspondencia aproximada na fonte canonica,REVISAR
40672,7020,Implante ¢sseo integr vel - Standard,,Implante ósseo integrável - Standard,Implante ósseo integrável - Standard,Implante ósseo integrável - Standard,116,7020,aproximacao_textual,medio,divergencia textual com correspondencia aproximada na fonte canonica,REVISAR
40673,7030,RemoÆo de implante,,Remoção de implante,Remoção de implante,Remoção de implante,117,7030,aproximacao_textual,medio,divergencia textual com correspondencia aproximada na fonte canonica,REVISAR
40674,3000,Abertura de implante - (Giro de retalho),,,Abertura de implante - (Giro de retalho),Abertura de implante - (Giro de retalho),118,3000,identico,baixo,nome atual ja coincide com a fonte canonica,MANTER
40675,3010,Abertura de implante - (Osteotomia),,,Abertura de implante - (Osteotomia),Abertura de implante - (Osteotomia),119,3010,identico,baixo,nome atual ja coincide com a fonte canonica,MANTER
40676,3020,Abertura de implante - (Plastia),,,Abertura de implante - (Plastia),Abertura de implante - (Plastia),120,3020,identico,baixo,nome atual ja coincide com a fonte canonica,MANTER
40677,3030,Abertura de implante mand. - (Enxerto Livre),,,Abertura de implante mand. - (Enxerto Livre),Abertura de implante mand. - (Enxerto Livre),121,3030,identico,baixo,nome atual ja coincide com a fonte canonica,MANTER
40678,3040,Abertura de implante mand. - (Osteotomia e Livre),,,Abertura de implante mand. - (Osteotomia e Livre),Abertura de implante mand. - (Osteotomia e Livre),122,3040,identico,baixo,nome atual ja coincide com a fonte canonica,MANTER
40679,3050,Aumento de Coroa Cl¡nica - (Osteotomia e deslize apical),,Aumento de Coroa Clínica - (Osteotomia e deslize apical),Aumento de Coroa Clínica - (Osteotomia e deslize apical),Aumento de Coroa Clínica - (Osteotomia e deslize apical),123,3050,aproximacao_textual,medio,divergencia textual com correspondencia aproximada na fonte canonica,REVISAR
40680,3060,Aumento de Coroa Cl¡nica - (Osteotomia),,Aumento de Coroa Clínica - (Osteotomia),Aumento de Coroa Clínica - (Osteotomia),Aumento de Coroa Clínica - (Osteotomia),124,3060,aproximacao_textual,medio,divergencia textual com correspondencia aproximada na fonte canonica,REVISAR
40681,3070,Aumento de Coroa Cl¡nica - (Plastia),,Aumento de Coroa Clínica - (Plastia),Aumento de Coroa Clínica - (Plastia),Aumento de Coroa Clínica - (Plastia),125,3070,aproximacao_textual,medio,divergencia textual com correspondencia aproximada na fonte canonica,REVISAR
40682,3080,Bridectomia,,,Bridectomia,Bridectomia,126,3080,identico,baixo,nome atual ja coincide com a fonte canonica,MANTER
40683,3090,Cirurgia para colagem de botÆo Ortodntico,,Cirurgia para colagem de botão Ortodôntico,Cirurgia para colagem de botão Ortodôntico,Cirurgia para colagem de botão Ortodôntico,127,3090,aproximacao_textual,medio,divergencia textual com correspondencia aproximada na fonte canonica,REVISAR
40684,3100,Cirurgia para colagem de botÆo Ortodntico com osteotomia,,Cirurgia para colagem de botão Ortodôntico com osteotomia,Cirurgia para colagem de botão Ortodôntico com osteotomia,Cirurgia para colagem de botão Ortodôntico com osteotomia,128,3100,aproximacao_textual,medio,divergencia textual com correspondencia aproximada na fonte canonica,REVISAR
40685,3110,Cirurgia para Odonto-secÆo - (por elemento),,Cirurgia para Odonto-secção - (por elemento),Cirurgia para Odonto-secção - (por elemento),Cirurgia para Odonto-secção - (por elemento),129,3110,aproximacao_textual,medio,divergencia textual com correspondencia aproximada na fonte canonica,REVISAR
40686,3120,Cirurgia para Rizectomia,,,Cirurgia para Rizectomia,Cirurgia para Rizectomia,130,3120,identico,baixo,nome atual ja coincide com a fonte canonica,MANTER
40687,3130,Enxerto de conjuntivo / tunelizaÆo,,Enxerto de conjuntivo / tunelização,Enxerto de conjuntivo / tunelização,Enxerto de conjuntivo / tunelização,131,3130,aproximacao_textual,medio,divergencia textual com correspondencia aproximada na fonte canonica,REVISAR
40688,3140,Cirurgia Periodontal a retalho - (1 elemento),,,Cirurgia Periodontal a retalho - (1 elemento),Cirurgia Periodontal a retalho - (1 elemento),132,3140,identico,baixo,nome atual ja coincide com a fonte canonica,MANTER
40689,3150,Cirurgia Periodontal a retalho - (por segmento),,,Cirurgia Periodontal a retalho - (por segmento),Cirurgia Periodontal a retalho - (por segmento),133,3150,identico,baixo,nome atual ja coincide com a fonte canonica,MANTER
40690,3160,Cunha Distal ou Proximal,,,Cunha Distal ou Proximal,Cunha Distal ou Proximal,134,3160,identico,baixo,nome atual ja coincide com a fonte canonica,MANTER
40691,3170,Enxerto de Tecido Conjuntivo,,,Enxerto de Tecido Conjuntivo,Enxerto de Tecido Conjuntivo,135,3170,identico,baixo,nome atual ja coincide com a fonte canonica,MANTER
40692,3180,Enxerto Gengival Livre,,,Enxerto Gengival Livre,Enxerto Gengival Livre,136,3180,identico,baixo,nome atual ja coincide com a fonte canonica,MANTER
40693,3190,Enxerto Osseo RTG - (RegeneraÆo Tecidual Guiada),,Enxerto Osseo RTG - (Regeneração Tecidual Guiada),Enxerto Osseo RTG - (Regeneração Tecidual Guiada),Enxerto Osseo RTG - (Regeneração Tecidual Guiada),137,3190,aproximacao_textual,medio,divergencia textual com correspondencia aproximada na fonte canonica,REVISAR
40694,3200,Enxerto Pediculado - (por elemento),,,Enxerto Pediculado - (por elemento),Enxerto Pediculado - (por elemento),138,3200,identico,baixo,nome atual ja coincide com a fonte canonica,MANTER
40695,3210,Enxerto por Tracionamento de Vestibulo - (por elemento),,,Enxerto por Tracionamento de Vestibulo - (por elemento),Enxerto por Tracionamento de Vestibulo - (por elemento),139,3210,identico,baixo,nome atual ja coincide com a fonte canonica,MANTER
40696,3220,Enxerto por Tracionamento de Vestibulo - (por segmento),,,Enxerto por Tracionamento de Vestibulo - (por segmento),Enxerto por Tracionamento de Vestibulo - (por segmento),140,3220,identico,baixo,nome atual ja coincide com a fonte canonica,MANTER
40697,3230,Frenectomia labial inferior,,,Frenectomia labial inferior,Frenectomia labial inferior,141,3230,identico,baixo,nome atual ja coincide com a fonte canonica,MANTER
40698,3240,Frenectomia labial superior,,,Frenectomia labial superior,Frenectomia labial superior,142,3240,identico,baixo,nome atual ja coincide com a fonte canonica,MANTER
40699,3250,Frenotomia L bial Inferior,,Frenotomia Lábial Inferior,Frenotomia Lábial Inferior,Frenotomia Lábial Inferior,143,3250,aproximacao_textual,medio,divergencia textual com correspondencia aproximada na fonte canonica,REVISAR
40700,3260,Frenotomia L bial Superior,,Frenotomia Lábial Superior,Frenotomia Lábial Superior,Frenotomia Lábial Superior,144,3260,aproximacao_textual,medio,divergencia textual com correspondencia aproximada na fonte canonica,REVISAR
40701,3270,Frenotomia Lingual,,,Frenotomia Lingual,Frenotomia Lingual,145,3270,identico,baixo,nome atual ja coincide com a fonte canonica,MANTER
40702,3280,Gengivectomia ou Gengivoplastia - (por elemento),,,Gengivectomia ou Gengivoplastia - (por elemento),Gengivectomia ou Gengivoplastia - (por elemento),146,3280,identico,baixo,nome atual ja coincide com a fonte canonica,MANTER
40703,3290,Gengivectomia ou Gengivoplastia - (por segmento),,,Gengivectomia ou Gengivoplastia - (por segmento),Gengivectomia ou Gengivoplastia - (por segmento),147,3290,identico,baixo,nome atual ja coincide com a fonte canonica,MANTER
40704,3300,Gengivectomia palatina / lingual - (por elemento),,,Gengivectomia palatina / lingual - (por elemento),Gengivectomia palatina / lingual - (por elemento),148,3300,identico,baixo,nome atual ja coincide com a fonte canonica,MANTER
40705,3310,Gengivectomia palatina / lingual - (por segmento),,,Gengivectomia palatina / lingual - (por segmento),Gengivectomia palatina / lingual - (por segmento),149,3310,identico,baixo,nome atual ja coincide com a fonte canonica,MANTER
40706,3320,ManutenÆo Periodontal - (por sessÆo),,Manutenção Periodontal - (por sessão),Manutenção Periodontal - (por sessão),Manutenção Periodontal - (por sessão),150,3320,aproximacao_textual,medio,divergencia textual com correspondencia aproximada na fonte canonica,REVISAR
40707,3330,Raspagem Sub-gengival e Curetagem de bolsa - (por segmento),,,Raspagem Sub-gengival e Curetagem de bolsa - (por segmento),Raspagem Sub-gengival e Curetagem de bolsa - (por segmento),151,3330,identico,baixo,nome atual ja coincide com a fonte canonica,MANTER
40708,3340,Raspagem Supra-gengival - (por segmento),,,Raspagem Supra-gengival - (por segmento),Raspagem Supra-gengival - (por segmento),152,3340,identico,baixo,nome atual ja coincide com a fonte canonica,MANTER
40709,3350,RemoÆo de Fatores de RetenÆo - (por segmento),,Remoção de Fatores de Retenção - (por segmento),Remoção de Fatores de Retenção - (por segmento),Remoção de Fatores de Retenção - (por segmento),153,3350,aproximacao_textual,medio,divergencia textual com correspondencia aproximada na fonte canonica,REVISAR
40710,3360,Sepultamento Radicular - (por raiz),,,Sepultamento Radicular - (por raiz),Sepultamento Radicular - (por raiz),154,3360,identico,baixo,nome atual ja coincide com a fonte canonica,MANTER
40711,3370,Ulectomia,,,Ulectomia,Ulectomia,155,3370,identico,baixo,nome atual ja coincide com a fonte canonica,MANTER
40712,1000,AplicaÆo de Cariost tico - (sessÆo),,Aplicação de Cariostático - (sessão),Aplicação de Cariostático - (sessão),Aplicação de Cariostático - (sessão),156,1000,aproximacao_textual,medio,divergencia textual com correspondencia aproximada na fonte canonica,REVISAR
40713,1010,AplicaÆo de Fl£or Verniz - (por elemento),,Aplicação de Flúor Verniz - (por elemento),Aplicação de Flúor Verniz - (por elemento),Aplicação de Flúor Verniz - (por elemento),157,1010,aproximacao_textual,medio,divergencia textual com correspondencia aproximada na fonte canonica,REVISAR
40714,1020,AplicaÆo de Selnate Oclusa Invasivo - (por elemento),,Aplicação de Selnate Oclusa Invasivo - (por elemento),Aplicação de Selnate Oclusa Invasivo - (por elemento),Aplicação de Selnate Oclusa Invasivo - (por elemento),158,1020,aproximacao_textual,medio,divergencia textual com correspondencia aproximada na fonte canonica,REVISAR
40715,1030,AplicaÆo T¢pica de Fl£or,,Aplicação Tópica de Flúor,Aplicação Tópica de Flúor,Aplicação Tópica de Flúor,159,1030,aproximacao_textual,medio,divergencia textual com correspondencia aproximada na fonte canonica,REVISAR
40716,1040,Controle da Placa Bacteriana - (por sessÆo),,Controle da Placa Bacteriana - (por sessão),Controle da Placa Bacteriana - (por sessão),Controle da Placa Bacteriana - (por sessão),160,1040,aproximacao_textual,medio,divergencia textual com correspondencia aproximada na fonte canonica,REVISAR
40717,1050,InstruÆo de Higiene Oral - (I.H.O.),,Instrução de Higiene Oral - (I.H.O.),Instrução de Higiene Oral - (I.H.O.),Instrução de Higiene Oral - (I.H.O.),161,1050,aproximacao_textual,medio,divergencia textual com correspondencia aproximada na fonte canonica,REVISAR
40718,1060,Profilaxia - (Polimento com taa de borracha),,Profilaxia - (Polimento com taça de borracha),Profilaxia - (Polimento com taça de borracha),Profilaxia - (Polimento com taça de borracha),162,1060,aproximacao_textual,medio,divergencia textual com correspondencia aproximada na fonte canonica,REVISAR
40719,1070,Profilaxia - (Ultrason e Jato de Bicarbonato),,,Profilaxia - (Ultrason e Jato de Bicarbonato),Profilaxia - (Ultrason e Jato de Bicarbonato),163,1070,identico,baixo,nome atual ja coincide com a fonte canonica,MANTER
40720,1080,Teste de fluxo salivar,,,Teste de fluxo salivar,Teste de fluxo salivar,164,1080,identico,baixo,nome atual ja coincide com a fonte canonica,MANTER
40721,1090,Teste de Risco de C rie,,Teste de Risco de Cárie,Teste de Risco de Cárie,Teste de Risco de Cárie,165,1090,aproximacao_textual,medio,divergencia textual com correspondencia aproximada na fonte canonica,REVISAR
40722,8000,Attachment,,,Attachment,Attachment,166,8000,identico,baixo,nome atual ja coincide com a fonte canonica,MANTER
40723,8010,Casquete de moldagem,,,Casquete de moldagem,Casquete de moldagem,167,8010,identico,baixo,nome atual ja coincide com a fonte canonica,MANTER
40724,8020,Conserto de Pr¢tese Total e Parcial,,Conserto de Prótese Total e Parcial,Conserto de Prótese Total e Parcial,Conserto de Prótese Total e Parcial,168,8020,aproximacao_textual,medio,divergencia textual com correspondencia aproximada na fonte canonica,REVISAR
40725,8030,Coroa em Resina Prensada,,,Coroa em Resina Prensada,Coroa em Resina Prensada,169,8030,identico,baixo,nome atual ja coincide com a fonte canonica,MANTER
40726,8040,Coroa em Resina Sinfony,,,Coroa em Resina Sinfony,Coroa em Resina Sinfony,170,8040,identico,baixo,nome atual ja coincide com a fonte canonica,MANTER
40727,8050,Coroa em Resina sob implante,,,Coroa em Resina sob implante,Coroa em Resina sob implante,171,8050,identico,baixo,nome atual ja coincide com a fonte canonica,MANTER
40728,8060,Coroa Metal-free - (Cerampress),,,Coroa Metal-free - (Cerampress),Coroa Metal-free - (Cerampress),172,8060,identico,baixo,nome atual ja coincide com a fonte canonica,MANTER
40729,8070,Coroa Metal-free - (Inceram),,,Coroa Metal-free - (Inceram),Coroa Metal-free - (Inceram),173,8070,identico,baixo,nome atual ja coincide com a fonte canonica,MANTER
40730,8080,Coroa Metal-free - (Procera),,,Coroa Metal-free - (Procera),Coroa Metal-free - (Procera),174,8080,identico,baixo,nome atual ja coincide com a fonte canonica,MANTER
40731,8090,Coroa Metal-free - (Zirconia; Sistema CAD/CAM),,,Coroa Metal-free - (Zirconia; Sistema CAD/CAM),Coroa Metal-free - (Zirconia; Sistema CAD/CAM),175,8090,identico,baixo,nome atual ja coincide com a fonte canonica,MANTER
40732,8100,Coroa Metal-free sob implante - (Cerampress),,,Coroa Metal-free sob implante - (Cerampress),Coroa Metal-free sob implante - (Cerampress),176,8100,identico,baixo,nome atual ja coincide com a fonte canonica,MANTER
40733,8110,Coroa Metal-free sob implante - (Inceram),,,Coroa Metal-free sob implante - (Inceram),Coroa Metal-free sob implante - (Inceram),177,8110,identico,baixo,nome atual ja coincide com a fonte canonica,MANTER
40734,8120,Coroa Metal-free sob implante - (Procera),,,Coroa Metal-free sob implante - (Procera),Coroa Metal-free sob implante - (Procera),178,8120,identico,baixo,nome atual ja coincide com a fonte canonica,MANTER
40735,8130,Coroa Metal-free sob implante - (Zirconia; Sistema CAD/CAM),,,Coroa Metal-free sob implante - (Zirconia; Sistema CAD/CAM),Coroa Metal-free sob implante - (Zirconia; Sistema CAD/CAM),179,8130,identico,baixo,nome atual ja coincide com a fonte canonica,MANTER
40736,8140,Coroa metalo-cermica,,Coroa metalo-cerâmica,Coroa metalo-cerâmica,Coroa metalo-cerâmica,180,8140,aproximacao_textual,medio,divergencia textual com correspondencia aproximada na fonte canonica,REVISAR
40737,8150,Coroa Metalo-cermica sob implante,,Coroa Metalo-cerâmica sob implante,Coroa Metalo-cerâmica sob implante,Coroa Metalo-cerâmica sob implante,181,8150,aproximacao_textual,medio,divergencia textual com correspondencia aproximada na fonte canonica,REVISAR
40738,8160,Coroa Provis¢ria Imediata,,Coroa Provisória Imediata,Coroa Provisória Imediata,Coroa Provisória Imediata,182,8160,aproximacao_textual,medio,divergencia textual com correspondencia aproximada na fonte canonica,REVISAR
40739,8161,Coroa Provis¢ria de Onlay / Inlay,,Coroa Provisória de Onlay / Inlay,Coroa Provisória de Onlay / Inlay,Coroa Provisória de Onlay / Inlay,183,8161,aproximacao_textual,medio,divergencia textual com correspondencia aproximada na fonte canonica,REVISAR
40740,8170,Coroa Provis¢ria de Laborat¢rio sob implante,,Coroa Provisória de Laboratório sob implante,Coroa Provisória de Laboratório sob implante,Coroa Provisória de Laboratório sob implante,184,8170,aproximacao_textual,medio,divergencia textual com correspondencia aproximada na fonte canonica,REVISAR
40741,8180,Coroa met lica total,,Coroa metálica total,Coroa metálica total,Coroa metálica total,185,8180,aproximacao_textual,medio,divergencia textual com correspondencia aproximada na fonte canonica,REVISAR
40742,8190,Coroa Provis¢ria de Laborat¢rio,,Coroa Provisória de Laboratório,Coroa Provisória de Laboratório,Coroa Provisória de Laboratório,186,8190,aproximacao_textual,medio,divergencia textual com correspondencia aproximada na fonte canonica,REVISAR
40743,8500,E-MAX - Lente de contato,,,E-MAX - Lente de contato,E-MAX - Lente de contato,187,8500,identico,baixo,nome atual ja coincide com a fonte canonica,MANTER
40744,8481,E-MAX - RestauraÆo Onlay / Inlay em Dissilicato de l¡tio,,E-MAX - Restauração Onlay / Inlay em Dissilicato de lítio,E-MAX - Restauração Onlay / Inlay em Dissilicato de lítio,E-MAX - Restauração Onlay / Inlay em Dissilicato de lítio,188,8481,aproximacao_textual,medio,divergencia textual com correspondencia aproximada na fonte canonica,REVISAR
40745,8200,Enceramento de diagn¢stico - (por elemento),,Enceramento de diagnóstico - (por elemento),Enceramento de diagnóstico - (por elemento),Enceramento de diagnóstico - (por elemento),189,8200,aproximacao_textual,medio,divergencia textual com correspondencia aproximada na fonte canonica,REVISAR
40746,8210,Enceramento de diagn¢stico por elemento sob implante,,Enceramento de diagnóstico por elemento sob implante,Enceramento de diagnóstico por elemento sob implante,Enceramento de diagnóstico por elemento sob implante,190,8210,aproximacao_textual,medio,divergencia textual com correspondencia aproximada na fonte canonica,REVISAR
40747,8220,Faceta em Porcelana,,,Faceta em Porcelana,Faceta em Porcelana,191,8220,identico,baixo,nome atual ja coincide com a fonte canonica,MANTER
40748,8230,Faceta em Resina Acrilica,,,Faceta em Resina Acrilica,Faceta em Resina Acrilica,192,8230,identico,baixo,nome atual ja coincide com a fonte canonica,MANTER
40749,8240,Guia Cirurgico,,,Guia Cirurgico,Guia Cirurgico,193,8240,identico,baixo,nome atual ja coincide com a fonte canonica,MANTER
40750,8250,Jig ou Front-Plat,,Jig ou Front-Platô,Jig ou Front-Platô,Jig ou Front-Platô,194,8250,aproximacao_textual,medio,divergencia textual com correspondencia aproximada na fonte canonica,REVISAR
40751,8151,MunhÆo Universal - CM,,Munhão Universal - CM,Munhão Universal - CM,Munhão Universal - CM,195,8151,aproximacao_textual,medio,divergencia textual com correspondencia aproximada na fonte canonica,REVISAR
40752,8270,N£cleo Metal-free esttico,,Núcleo Metal-free estético,Núcleo Metal-free estético,Núcleo Metal-free estético,196,8270,aproximacao_textual,medio,divergencia textual com correspondencia aproximada na fonte canonica,REVISAR
40753,8260,N£cleo Met lico-fundido,,Núcleo Metálico-fundido,Núcleo Metálico-fundido,Núcleo Metálico-fundido,197,8260,aproximacao_textual,medio,divergencia textual com correspondencia aproximada na fonte canonica,REVISAR
40754,8290,Placa de mordida miorrelaxante,,,Placa de mordida miorrelaxante,Placa de mordida miorrelaxante,199,8290,identico,baixo,nome atual ja coincide com a fonte canonica,MANTER
40755,8300,Placa para Bruxismo Acr¡lica,,Placa para Bruxismo Acrílica,Placa para Bruxismo Acrílica,Placa para Bruxismo Acrílica,200,8300,aproximacao_textual,medio,divergencia textual com correspondencia aproximada na fonte canonica,REVISAR
40756,8305,Placa para Bruxismo Mista - (Erkoflex),,,Placa para Bruxismo Mista - (Erkoflex),Placa para Bruxismo Mista - (Erkoflex),201,8305,identico,baixo,nome atual ja coincide com a fonte canonica,MANTER
40757,8310,Placa para Clareamento,,,Placa para Clareamento,Placa para Clareamento,202,8310,identico,baixo,nome atual ja coincide com a fonte canonica,MANTER
40758,8320,Pr¢tese Parcial Fixa Adesiva Metal-free,,Prótese Parcial Fixa Adesiva Metal-free,Prótese Parcial Fixa Adesiva Metal-free,Prótese Parcial Fixa Adesiva Metal-free,203,8320,aproximacao_textual,medio,divergencia textual com correspondencia aproximada na fonte canonica,REVISAR
40759,8330,Pr¢tese Parcial Fixa Acrilica sob Implante,,Prótese Parcial Fixa Acrilica sob Implante,Prótese Parcial Fixa Acrilica sob Implante,Prótese Parcial Fixa Acrilica sob Implante,204,8330,aproximacao_textual,medio,divergencia textual com correspondencia aproximada na fonte canonica,REVISAR
40760,8340,Pr¢tese Parcial Fixa Metalo-cermica - (1 Pntico),,Prótese Parcial Fixa Metalo-cerâmica - (1 Pôntico),Prótese Parcial Fixa Metalo-cerâmica - (1 Pôntico),Prótese Parcial Fixa Metalo-cerâmica - (1 Pôntico),205,8340,aproximacao_textual,medio,divergencia textual com correspondencia aproximada na fonte canonica,REVISAR
40761,8350,Pr¢tese Parcial Fixa Metalo-cermica - (2 Pnticos),,Prótese Parcial Fixa Metalo-cerâmica - (2 Pônticos),Prótese Parcial Fixa Metalo-cerâmica - (2 Pônticos),Prótese Parcial Fixa Metalo-cerâmica - (2 Pônticos),206,8350,aproximacao_textual,medio,divergencia textual com correspondencia aproximada na fonte canonica,REVISAR
40762,8360,Pr¢tese Parcial Fixa Metalo-plastica - (1 Pntico),,Prótese Parcial Fixa Metalo-plastica - (1 Pôntico),Prótese Parcial Fixa Metalo-plastica - (1 Pôntico),Prótese Parcial Fixa Metalo-plastica - (1 Pôntico),207,8360,aproximacao_textual,medio,divergencia textual com correspondencia aproximada na fonte canonica,REVISAR
40763,8361,Pr¢tese Parcial Fixa Metalo-plastica - (2 Pnticos),,Prótese Parcial Fixa Metalo-plastica - (2 Pônticos),Prótese Parcial Fixa Metalo-plastica - (2 Pônticos),Prótese Parcial Fixa Metalo-plastica - (2 Pônticos),208,8361,aproximacao_textual,medio,divergencia textual com correspondencia aproximada na fonte canonica,REVISAR
40764,8370,Pr¢tese Parcial Fixa Provis¢ria - (1 Pntico),,Prótese Parcial Fixa Provisória - (1 Pôntico),Prótese Parcial Fixa Provisória - (1 Pôntico),Prótese Parcial Fixa Provisória - (1 Pôntico),209,8370,aproximacao_textual,medio,divergencia textual com correspondencia aproximada na fonte canonica,REVISAR
40765,8380,Pr¢tese Parcial Remov¡vel - (Importada) / (por arcada),,Prótese Parcial Removível - (Importada) / (por arcada),Prótese Parcial Removível - (Importada) / (por arcada),Prótese Parcial Removível - (Importada) / (por arcada),210,8380,aproximacao_textual,medio,divergencia textual com correspondencia aproximada na fonte canonica,REVISAR
40766,8390,Pr¢tese Parcial Remov¡vel - (por arcada),,Prótese Parcial Removível - (por arcada),Prótese Parcial Removível - (por arcada),Prótese Parcial Removível - (por arcada),211,8390,aproximacao_textual,medio,divergencia textual com correspondencia aproximada na fonte canonica,REVISAR
40767,8400,Pr¢tese Parcial Remov¡vel Provis¢ria - (por arcada),,Prótese Parcial Removível Provisória - (por arcada),Prótese Parcial Removível Provisória - (por arcada),Prótese Parcial Removível Provisória - (por arcada),212,8400,aproximacao_textual,medio,divergencia textual com correspondencia aproximada na fonte canonica,REVISAR
40768,8410,Pr¢tese Total - (Importada) / (por arcada),,Prótese Total - (Importada) / (por arcada),Prótese Total - (Importada) / (por arcada),Prótese Total - (Importada) / (por arcada),213,8410,aproximacao_textual,medio,divergencia textual com correspondencia aproximada na fonte canonica,REVISAR
40769,8420,Pr¢tese Total - (por arcada),,Prótese Total - (por arcada),Prótese Total - (por arcada),Prótese Total - (por arcada),214,8420,aproximacao_textual,medio,divergencia textual com correspondencia aproximada na fonte canonica,REVISAR
40770,8430,Pr¢tese Total Imediada - (por arcada),,Prótese Total Imediada - (por arcada),Prótese Total Imediada - (por arcada),Prótese Total Imediada - (por arcada),215,8430,aproximacao_textual,medio,divergencia textual com correspondencia aproximada na fonte canonica,REVISAR
40771,8291,Protetor bucal Playsafe,,,Protetor bucal Playsafe,Protetor bucal Playsafe,216,8291,identico,baixo,nome atual ja coincide com a fonte canonica,MANTER
40772,8440,Pr¢tese Protocolo,,Prótese Protocolo,Prótese Protocolo,Prótese Protocolo,217,8440,aproximacao_textual,medio,divergencia textual com correspondencia aproximada na fonte canonica,REVISAR
40773,8450,Reembasamento de Coroa Provis¢ria,,Reembasamento de Coroa Provisória,Reembasamento de Coroa Provisória,Reembasamento de Coroa Provisória,218,8450,aproximacao_textual,medio,divergencia textual com correspondencia aproximada na fonte canonica,REVISAR
40774,8460,Reembasamento Pr¢tese Total ou Parcial,,Reembasamento Prótese Total ou Parcial,Reembasamento Prótese Total ou Parcial,Reembasamento Prótese Total ou Parcial,219,8460,aproximacao_textual,medio,divergencia textual com correspondencia aproximada na fonte canonica,REVISAR
40775,8470,RestauraÆo Met lica Fundida - RMF,,Restauração Metálica Fundida - RMF,Restauração Metálica Fundida - RMF,Restauração Metálica Fundida - RMF,220,8470,aproximacao_textual,medio,divergencia textual com correspondencia aproximada na fonte canonica,REVISAR
40776,8480,RestauraÆo Onlay / Inlay em Porcelana,,Restauração Onlay / Inlay em Porcelana,Restauração Onlay / Inlay em Porcelana,Restauração Onlay / Inlay em Porcelana,221,8480,aproximacao_textual,medio,divergencia textual com correspondencia aproximada na fonte canonica,REVISAR
40777,8490,RestauraÆo Onlay / Inlay em Ceromero,,Restauração Onlay / Inlay em Ceromero,Restauração Onlay / Inlay em Ceromero,Restauração Onlay / Inlay em Ceromero,222,8490,aproximacao_textual,medio,divergencia textual com correspondencia aproximada na fonte canonica,REVISAR
40778,223,Aparelho Autoligado (Arcada Inferior),,,Aparelho Autoligado (Arcada Inferior),Aparelho Autoligado (Arcada Inferior),223,,identico,baixo,nome atual ja coincide com a fonte canonica,MANTER
40779,224,Aparelho Autoligado (Arcada Superior),,,Aparelho Autoligado (Arcada Superior),Aparelho Autoligado (Arcada Superior),224,,identico,baixo,nome atual ja coincide com a fonte canonica,MANTER
40780,225,Aparelho de contenÆo,,Aparelho de contenção,Aparelho de contenção,Aparelho de contenção,225,,aproximacao_textual,medio,divergencia textual com correspondencia aproximada na fonte canonica,REVISAR
40781,226,Aparelho em uma arcada conjugado c/ ap. auxiliar,,,Aparelho em uma arcada conjugado c/ ap. auxiliar,Aparelho em uma arcada conjugado c/ ap. auxiliar,226,,identico,baixo,nome atual ja coincide com a fonte canonica,MANTER
40782,227,Aparelho extra bucal,,,Aparelho extra bucal,Aparelho extra bucal,227,,identico,baixo,nome atual ja coincide com a fonte canonica,MANTER
40783,228,Aparelho Ortodntico Esttico em Porcelana - (Arcada Inferior), ,Aparelho Ortodôntico Estético em Porcelana - (Arcada Inferior),Aparelho Ortodôntico Estético em Porcelana - (Arcada Inferior),Aparelho Ortodôntico Estético em Porcelana - (Arcada Inferior),228,,aproximacao_textual,medio,divergencia textual com correspondencia aproximada na fonte canonica,REVISAR
40784,229,Aparelho Ortodntico Esttico em Porcelana - (Arcada Superior), ,Aparelho Ortodôntico Estético em Porcelana - (Arcada Superior),Aparelho Ortodôntico Estético em Porcelana - (Arcada Superior),Aparelho Ortodôntico Estético em Porcelana - (Arcada Superior),229,,aproximacao_textual,medio,divergencia textual com correspondencia aproximada na fonte canonica,REVISAR
40785,230,Aparelho Ortodntico Esttico em Zafira - (Arcada Inferior), ,Aparelho Ortodôntico Estético em Zafira - (Arcada Inferior),Aparelho Ortodôntico Estético em Zafira - (Arcada Inferior),Aparelho Ortodôntico Estético em Zafira - (Arcada Inferior),230,,aproximacao_textual,medio,divergencia textual com correspondencia aproximada na fonte canonica,REVISAR
40786,231,Aparelho Ortodntico Esttico em Zafira - (Arcada Superior), ,Aparelho Ortodôntico Estético em Zafira - (Arcada Superior),Aparelho Ortodôntico Estético em Zafira - (Arcada Superior),Aparelho Ortodôntico Estético em Zafira - (Arcada Superior),231,,aproximacao_textual,medio,divergencia textual com correspondencia aproximada na fonte canonica,REVISAR
40787,232,Aparelho Ortodntico Fixo - (Arcada Inferior),,Aparelho Ortodôntico Fixo - (Arcada Inferior),Aparelho Ortodôntico Fixo - (Arcada Inferior),Aparelho Ortodôntico Fixo - (Arcada Inferior),232,,aproximacao_textual,medio,divergencia textual com correspondencia aproximada na fonte canonica,REVISAR
40788,233,Aparelho Ortodntico Fixo - (Arcada Superior),,Aparelho Ortodôntico Fixo - (Arcada Superior),Aparelho Ortodôntico Fixo - (Arcada Superior),Aparelho Ortodôntico Fixo - (Arcada Superior),233,,aproximacao_textual,medio,divergencia textual com correspondencia aproximada na fonte canonica,REVISAR
40789,234,Aparelho Ortopedico,,,Aparelho Ortopedico,Aparelho Ortopedico,234,,identico,baixo,nome atual ja coincide com a fonte canonica,MANTER
40790,235,Aparelho removivel,,,Aparelho removivel,Aparelho removivel,235,,identico,baixo,nome atual ja coincide com a fonte canonica,MANTER
40791,236,"Aparelhos auxiliares (extra-oral, ""Bumper"", etc)",,,"Aparelhos auxiliares (extra-oral, ""Bumper"", etc)","Aparelhos auxiliares (extra-oral, ""Bumper"", etc)",236,,identico,baixo,nome atual ja coincide com a fonte canonica,MANTER
40792,237,Arco Palatino,,,Arco Palatino,Arco Palatino,237,,identico,baixo,nome atual ja coincide com a fonte canonica,MANTER
40793,238,Ativador de Haulp,,,Ativador de Haulp,Ativador de Haulp,238,,identico,baixo,nome atual ja coincide com a fonte canonica,MANTER
40794,239,Ativador de Rossi,,,Ativador de Rossi,Ativador de Rossi,239,,identico,baixo,nome atual ja coincide com a fonte canonica,MANTER
40795,240,Ativador de Zurick - Su¡a,,Ativador de Zurick - Suíça,Ativador de Zurick - Suíça,Ativador de Zurick - Suíça,240,,aproximacao_textual,medio,divergencia textual com correspondencia aproximada na fonte canonica,REVISAR
40796,241,Bandagem (Tubo bracket),,,Bandagem (Tubo bracket),Bandagem (Tubo bracket),241,,identico,baixo,nome atual ja coincide com a fonte canonica,MANTER
40797,242,Bandagem (Tubo duplo),,,Bandagem (Tubo duplo),Bandagem (Tubo duplo),242,,identico,baixo,nome atual ja coincide com a fonte canonica,MANTER
40798,243,Bandagem (Tubo simples),,,Bandagem (Tubo simples),Bandagem (Tubo simples),243,,identico,baixo,nome atual ja coincide com a fonte canonica,MANTER
40799,244,Bandagem (Tubo triplo),,,Bandagem (Tubo triplo),Bandagem (Tubo triplo),244,,identico,baixo,nome atual ja coincide com a fonte canonica,MANTER
40800,245,Barra Transpalatina,,,Barra Transpalatina,Barra Transpalatina,245,,identico,baixo,nome atual ja coincide com a fonte canonica,MANTER
40801,246,Bi-hlice,,Bi-hélice,Bi-hélice,Bi-hélice,246,,aproximacao_textual,medio,divergencia textual com correspondencia aproximada na fonte canonica,REVISAR
40802,247,Bio-ajustador - Tecnica MD3,,,Bio-ajustador - Tecnica MD3,Bio-ajustador - Tecnica MD3,247,,identico,baixo,nome atual ja coincide com a fonte canonica,MANTER
40803,248,Bionator - Super,,,Bionator - Super,Bionator - Super,248,,identico,baixo,nome atual ja coincide com a fonte canonica,MANTER
40804,249,Bionator de Balters - Classe I,,,Bionator de Balters - Classe I,Bionator de Balters - Classe I,249,,identico,baixo,nome atual ja coincide com a fonte canonica,MANTER
40805,250,Bionator de Balters - Classe II,,,Bionator de Balters - Classe II,Bionator de Balters - Classe II,250,,identico,baixo,nome atual ja coincide com a fonte canonica,MANTER
40806,251,Bionator de Balters - Classe III,,,Bionator de Balters - Classe III,Bionator de Balters - Classe III,251,,identico,baixo,nome atual ja coincide com a fonte canonica,MANTER
40807,252,Blinler - A,,,Blinler - A,Blinler - A,252,,identico,baixo,nome atual ja coincide com a fonte canonica,MANTER
40808,253,Blinler - B,,,Blinler - B,Blinler - B,253,,identico,baixo,nome atual ja coincide com a fonte canonica,MANTER
40809,254,Blinler - C,,,Blinler - C,Blinler - C,254,,identico,baixo,nome atual ja coincide com a fonte canonica,MANTER
40810,255,BotÆo de Nance,,Botão de Nance,Botão de Nance,Botão de Nance,255,,aproximacao_textual,medio,divergencia textual com correspondencia aproximada na fonte canonica,REVISAR
40811,256,"Bracket (Bracket 0,18"" x 0,25"")",,,"Bracket (Bracket 0,18"" x 0,25"")","Bracket (Bracket 0,18"" x 0,25"")",256,,identico,baixo,nome atual ja coincide com a fonte canonica,MANTER
40812,257,"Bracket (Bracket 0,18"" x 0,30"")",,,"Bracket (Bracket 0,18"" x 0,30"")","Bracket (Bracket 0,18"" x 0,30"")",257,,identico,baixo,nome atual ja coincide com a fonte canonica,MANTER
40813,258,"Bracket (Bracket 0,22"" x 0,28"")",,,"Bracket (Bracket 0,22"" x 0,28"")","Bracket (Bracket 0,22"" x 0,28"")",258,,identico,baixo,nome atual ja coincide com a fonte canonica,MANTER
40814,259,Bracket (Bracket Straight-Wire),,,Bracket (Bracket Straight-Wire),Bracket (Bracket Straight-Wire),259,,identico,baixo,nome atual ja coincide com a fonte canonica,MANTER
40815,260,ContenÆo Fixa Lingual,,Contenção Fixa Lingual,Contenção Fixa Lingual,Contenção Fixa Lingual,260,,aproximacao_textual,medio,divergencia textual com correspondencia aproximada na fonte canonica,REVISAR
40816,261,ContenÆo m¢vel - (Placa de acet to),,Contenção móvel - (Placa de acetáto),Contenção móvel - (Placa de acetáto),Contenção móvel - (Placa de acetáto),261,,aproximacao_textual,medio,divergencia textual com correspondencia aproximada na fonte canonica,REVISAR
40817,262,Disjuntor de Hass,,,Disjuntor de Hass,Disjuntor de Hass,262,,identico,baixo,nome atual ja coincide com a fonte canonica,MANTER
40818,263,Disjuntor de Hirax,,,Disjuntor de Hirax,Disjuntor de Hirax,263,,identico,baixo,nome atual ja coincide com a fonte canonica,MANTER
40819,264,Disjuntor Hirax RC,,,Disjuntor Hirax RC,Disjuntor Hirax RC,264,,identico,baixo,nome atual ja coincide com a fonte canonica,MANTER
40820,265,Disjuntor MC Namara - Resina,,,Disjuntor MC Namara - Resina,Disjuntor MC Namara - Resina,265,,identico,baixo,nome atual ja coincide com a fonte canonica,MANTER
40821,266,Disjuntor MC Namara com Hirax,,,Disjuntor MC Namara com Hirax,Disjuntor MC Namara com Hirax,266,,identico,baixo,nome atual ja coincide com a fonte canonica,MANTER
40822,267,Disjuntor Omar Gabriel,,,Disjuntor Omar Gabriel,Disjuntor Omar Gabriel,267,,identico,baixo,nome atual ja coincide com a fonte canonica,MANTER
40823,268,Distabilizador Pendex com Pndulo,,Distabilizador Pendex com Pêndulo,Distabilizador Pendex com Pêndulo,Distabilizador Pendex com Pêndulo,268,,aproximacao_textual,medio,divergencia textual com correspondencia aproximada na fonte canonica,REVISAR
40824,269,Djuntor palatino,,,Djuntor palatino,Djuntor palatino,269,,identico,baixo,nome atual ja coincide com a fonte canonica,MANTER
40825,270,DocumentaÆo ortodntica, ,Documentação ortodôntica,Documentação ortodôntica,Documentação ortodôntica,270,,aproximacao_textual,medio,divergencia textual com correspondencia aproximada na fonte canonica,REVISAR
40826,271,Frankel - Classe I,,,Frankel - Classe I,Frankel - Classe I,271,,identico,baixo,nome atual ja coincide com a fonte canonica,MANTER
40827,272,Frankel - Classe II,,,Frankel - Classe II,Frankel - Classe II,272,,identico,baixo,nome atual ja coincide com a fonte canonica,MANTER
40828,273,Frankel - Classe III,,,Frankel - Classe III,Frankel - Classe III,273,,identico,baixo,nome atual ja coincide com a fonte canonica,MANTER
40829,274,Frankel - Mordida Aberta,,,Frankel - Mordida Aberta,Frankel - Mordida Aberta,274,,identico,baixo,nome atual ja coincide com a fonte canonica,MANTER
40830,275,Grade palatina fixa,,,Grade palatina fixa,Grade palatina fixa,275,,identico,baixo,nome atual ja coincide com a fonte canonica,MANTER
40831,276,Grade palatina m¢vel,,Grade palatina móvel,Grade palatina móvel,Grade palatina móvel,276,,aproximacao_textual,medio,divergencia textual com correspondencia aproximada na fonte canonica,REVISAR
40832,277,Klammt - Classe I,,,Klammt - Classe I,Klammt - Classe I,277,,identico,baixo,nome atual ja coincide com a fonte canonica,MANTER
40833,278,Klammt - Classe II,,,Klammt - Classe II,Klammt - Classe II,278,,identico,baixo,nome atual ja coincide com a fonte canonica,MANTER
40834,279,Klammt - Classe III,,,Klammt - Classe III,Klammt - Classe III,279,,identico,baixo,nome atual ja coincide com a fonte canonica,MANTER
40835,280,Lip Bumper,,,Lip Bumper,Lip Bumper,280,,identico,baixo,nome atual ja coincide com a fonte canonica,MANTER
40836,281,Mantenedor de espao,,Mantenedor de espaço,Mantenedor de espaço,Mantenedor de espaço,281,,aproximacao_textual,medio,divergencia textual com correspondencia aproximada na fonte canonica,REVISAR
40837,282,ManutenÆo ortodntico - (Mensal), ,Manutenção ortodôntico - (Mensal),Manutenção ortodôntico - (Mensal),Manutenção ortodôntico - (Mensal),282,,aproximacao_textual,medio,divergencia textual com correspondencia aproximada na fonte canonica,REVISAR
40838,283,Mentoneira,,,Mentoneira,Mentoneira,283,,identico,baixo,nome atual ja coincide com a fonte canonica,MANTER
40839,284,Ortopedia funcional dos maxilares,,,Ortopedia funcional dos maxilares,Ortopedia funcional dos maxilares,284,,identico,baixo,nome atual ja coincide com a fonte canonica,MANTER
40840,285,Palatina ou arco lingual,,,Palatina ou arco lingual,Palatina ou arco lingual,285,,identico,baixo,nome atual ja coincide com a fonte canonica,MANTER
40841,286,Placa 7/7,,,Placa 7/7,Placa 7/7,286,,identico,baixo,nome atual ja coincide com a fonte canonica,MANTER
40842,287,Placa acoplada ao uso de arco extra bucal,,,Placa acoplada ao uso de arco extra bucal,Placa acoplada ao uso de arco extra bucal,287,,identico,baixo,nome atual ja coincide com a fonte canonica,MANTER
40843,288,Placa ativa com molas,,,Placa ativa com molas,Placa ativa com molas,288,,identico,baixo,nome atual ja coincide com a fonte canonica,MANTER
40844,289,Placa com arco ala dupla para expanÆo Y,,Placa com arco alça dupla para expanção Y,Placa com arco alça dupla para expanção Y,Placa com arco alça dupla para expanção Y,289,,aproximacao_textual,medio,divergencia textual com correspondencia aproximada na fonte canonica,REVISAR
40845,290,Placa com arco de contenÆo cont¡nua,,Placa com arco de contenção contínua,Placa com arco de contenção contínua,Placa com arco de contenção contínua,290,,aproximacao_textual,medio,divergencia textual com correspondencia aproximada na fonte canonica,REVISAR
40846,291,Placa com arco de contenÆo de Baag,,Placa com arco de contenção de Baag,Placa com arco de contenção de Baag,Placa com arco de contenção de Baag,291,,aproximacao_textual,medio,divergencia textual com correspondencia aproximada na fonte canonica,REVISAR
40847,292,Placa com arco de controle dos caninos,,,Placa com arco de controle dos caninos,Placa com arco de controle dos caninos,292,,identico,baixo,nome atual ja coincide com a fonte canonica,MANTER
40848,293,Placa com arco seccionado para uso elasticos,,,Placa com arco seccionado para uso elasticos,Placa com arco seccionado para uso elasticos,293,,identico,baixo,nome atual ja coincide com a fonte canonica,MANTER
40849,294,Placa com plano de mordida inclinado,,,Placa com plano de mordida inclinado,Placa com plano de mordida inclinado,294,,identico,baixo,nome atual ja coincide com a fonte canonica,MANTER
40850,295,Placa com plano de mordida posterior,,,Placa com plano de mordida posterior,Placa com plano de mordida posterior,295,,identico,baixo,nome atual ja coincide com a fonte canonica,MANTER
40851,296,Placa com plano reto anterior,,,Placa com plano reto anterior,Placa com plano reto anterior,296,,identico,baixo,nome atual ja coincide com a fonte canonica,MANTER
40852,297,Placa de Apnia,,Placa de Apnéia,Placa de Apnéia,Placa de Apnéia,297,,aproximacao_textual,medio,divergencia textual com correspondencia aproximada na fonte canonica,REVISAR
40853,298,Placa de ativaÆo mandibular,,Placa de ativação mandibular,Placa de ativação mandibular,Placa de ativação mandibular,298,,aproximacao_textual,medio,divergencia textual com correspondencia aproximada na fonte canonica,REVISAR
40854,299,Placa de Eschler,,,Placa de Eschler,Placa de Eschler,299,,identico,baixo,nome atual ja coincide com a fonte canonica,MANTER
40855,300,Placa de expansÆo para mordida cruzada,,Placa de expansão para mordida cruzada,Placa de expansão para mordida cruzada,Placa de expansão para mordida cruzada,300,,aproximacao_textual,medio,divergencia textual com correspondencia aproximada na fonte canonica,REVISAR
40856,301,Placa de Hawley,,,Placa de Hawley,Placa de Hawley,301,,identico,baixo,nome atual ja coincide com a fonte canonica,MANTER
40857,302,Placa de Hawley invertido,,,Placa de Hawley invertido,Placa de Hawley invertido,302,,identico,baixo,nome atual ja coincide com a fonte canonica,MANTER
40858,303,Placa de Mills,,,Placa de Mills,Placa de Mills,303,,identico,baixo,nome atual ja coincide com a fonte canonica,MANTER
40859,304,Placa de ocupaÆo lingual,,Placa de ocupação lingual,Placa de ocupação lingual,Placa de ocupação lingual,304,,aproximacao_textual,medio,divergencia textual com correspondencia aproximada na fonte canonica,REVISAR
40860,305,Placa de Roberts,,,Placa de Roberts,Placa de Roberts,305,,identico,baixo,nome atual ja coincide com a fonte canonica,MANTER
40861,306,Placa dupla de avano - Piamant,,Placa dupla de avanço - Piamant,Placa dupla de avanço - Piamant,Placa dupla de avanço - Piamant,306,,aproximacao_textual,medio,divergencia textual com correspondencia aproximada na fonte canonica,REVISAR
40862,307,Placa interceptora de h bito,,Placa interceptora de hábito,Placa interceptora de hábito,Placa interceptora de hábito,307,,aproximacao_textual,medio,divergencia textual com correspondencia aproximada na fonte canonica,REVISAR
40863,308,Placa labial ativa,,,Placa labial ativa,Placa labial ativa,308,,identico,baixo,nome atual ja coincide com a fonte canonica,MANTER
40864,309,Placa mantenedora de espao.,,Placa mantenedora de espaço.,Placa mantenedora de espaço.,Placa mantenedora de espaço.,309,,aproximacao_textual,medio,divergencia textual com correspondencia aproximada na fonte canonica,REVISAR
40865,310,Placa recuperadora de espao,,Placa recuperadora de espaço,Placa recuperadora de espaço,Placa recuperadora de espaço,310,,aproximacao_textual,medio,divergencia textual com correspondencia aproximada na fonte canonica,REVISAR
40866,311,Planas Compostas,,,Planas Compostas,Planas Compostas,311,,identico,baixo,nome atual ja coincide com a fonte canonica,MANTER
40867,312,Planas Simples,,,Planas Simples,Planas Simples,312,,identico,baixo,nome atual ja coincide com a fonte canonica,MANTER
40868,313,Quadri-hlice,,Quadri-hélice,Quadri-hélice,Quadri-hélice,313,,aproximacao_textual,medio,divergencia textual com correspondencia aproximada na fonte canonica,REVISAR
40869,314,Spling Retainer 3/3 4/4,,,Spling Retainer 3/3 4/4,Spling Retainer 3/3 4/4,314,,identico,baixo,nome atual ja coincide com a fonte canonica,MANTER
40870,315,Twin Black,,,Twin Black,Twin Black,315,,identico,baixo,nome atual ja coincide com a fonte canonica,MANTER
40871,316,"Vilma Simäes - SN1, SN2, SN3, SN4, SN5",,"Vilma Simões - SN1, SN2, SN3, SN4, SN5","Vilma Simões - SN1, SN2, SN3, SN4, SN5","Vilma Simões - SN1, SN2, SN3, SN4, SN5",316,,aproximacao_textual,medio,divergencia textual com correspondencia aproximada na fonte canonica,REVISAR
40872,317,"Vilma Simäes - SN6, SN7",,"Vilma Simões - SN6, SN7","Vilma Simões - SN6, SN7","Vilma Simões - SN6, SN7",317,,aproximacao_textual,medio,divergencia textual com correspondencia aproximada na fonte canonica,REVISAR
40873,8315,Placa para Ortose,,,Placa para Ortose,Placa para Ortose,318,8315,identico,baixo,nome atual ja coincide com a fonte canonica,MANTER
40874,9000,Micro-agulhamento (Derma Roller),,,Micro-agulhamento (Derma Roller),Micro-agulhamento (Derma Roller),319,9000,identico,baixo,nome atual ja coincide com a fonte canonica,MANTER
40875,8292,Protetor bucal Playsafe Personalizado,,,Protetor bucal Playsafe Personalizado,Protetor bucal Playsafe Personalizado,320,8292,identico,baixo,nome atual ja coincide com a fonte canonica,MANTER
40876,7050,Levanto de seio maxilar,,,Levanto de seio maxilar,Levanto de seio maxilar,321,7050,identico,baixo,nome atual ja coincide com a fonte canonica,MANTER
40877,9010,Botox,,,Botox,Botox,322,9010,identico,baixo,nome atual ja coincide com a fonte canonica,MANTER
40878,323,Alinhadores Estticos,,Alinhadores Estéticos,Alinhadores Estéticos,Alinhadores Estéticos,323,,aproximacao_textual,medio,divergencia textual com correspondencia aproximada na fonte canonica,REVISAR
40879,9020,Preenchimento,,,Preenchimento,Preenchimento,324,9020,identico,baixo,nome atual ja coincide com a fonte canonica,MANTER
40880,2081,Consulta de ReavaliaÆo Cl¡nica,,Consulta de Reavaliação Clínica,Consulta de Reavaliação Clínica,Consulta de Reavaliação Clínica,325,2081,aproximacao_textual,medio,divergencia textual com correspondencia aproximada na fonte canonica,REVISAR
40881,7060,Implante Zigom tico,,Implante Zigomático,Implante Zigomático,Implante Zigomático,326,7060,aproximacao_textual,medio,divergencia textual com correspondencia aproximada na fonte canonica,REVISAR
40882,9030,Lipo de papada,,,Lipo de papada,Lipo de papada,327,9030,identico,baixo,nome atual ja coincide com a fonte canonica,MANTER
40883,8171,Coroa Provis¢ria Imediata sob implante,,Coroa Provisória Imediata sob implante,Coroa Provisória Imediata sob implante,Coroa Provisória Imediata sob implante,328,8171,aproximacao_textual,medio,divergencia textual com correspondencia aproximada na fonte canonica,REVISAR
40884,9040,Fios de sustentaÆo,,Fios de sustentação,Fios de sustentação,Fios de sustentação,329,9040,aproximacao_textual,medio,divergencia textual com correspondencia aproximada na fonte canonica,REVISAR
40885,9050,Bichectomia,,,Bichectomia,Bichectomia,330,9050,identico,baixo,nome atual ja coincide com a fonte canonica,MANTER
40886,2011,CimentaÆo adesiva,,Cimentação adesiva,Cimentação adesiva,Cimentação adesiva,331,2011,aproximacao_textual,medio,divergencia textual com correspondencia aproximada na fonte canonica,REVISAR
40887,7023,Implante Cone Morse + Enxerto,,,Implante Cone Morse + Enxerto,Implante Cone Morse + Enxerto,332,7023,identico,baixo,nome atual ja coincide com a fonte canonica,MANTER
40888,8482,E-MAX - Jaqueta pura em dissilicato,,,E-MAX - Jaqueta pura em dissilicato,E-MAX - Jaqueta pura em dissilicato,333,8482,identico,baixo,nome atual ja coincide com a fonte canonica,MANTER
40889,2111,Foto extra-oral,,,Foto extra-oral,Foto extra-oral,334,2111,identico,baixo,nome atual ja coincide com a fonte canonica,MANTER
40890,8261,N£cleo Met lico fundido bi-partido,,Núcleo Metálico fundido bi-partido,Núcleo Metálico fundido bi-partido,Núcleo Metálico fundido bi-partido,335,8261,aproximacao_textual,medio,divergencia textual com correspondencia aproximada na fonte canonica,REVISAR
40891,336,RemoÆo de aparelho ortodontico fixo.,,Remoção de aparelho ortodontico fixo.,Remoção de aparelho ortodontico fixo.,Remoção de aparelho ortodontico fixo.,336,,aproximacao_textual,medio,divergencia textual com correspondencia aproximada na fonte canonica,REVISAR
40892,7070,RegeneraÆo ¢ssea guiada - ROG,,Regeneração óssea guiada - ROG,Regeneração óssea guiada - ROG,Regeneração óssea guiada - ROG,337,7070,aproximacao_textual,medio,divergencia textual com correspondencia aproximada na fonte canonica,REVISAR
