linha_csv,codigo_csv,nome_csv,especialidade_csv,preco_csv,nroproctab_sql,codconv_sql,descricao_sql,especialidade_sql,preco_sql,codigo_brana,nome_brana,especialidade_brana,preco_brana,codigo_significado,classe_csv_sql,classe_csv_brana,nivel_confian?a_anterior,nivel_confian?a_final,justificativa
1,,Disjuntor Omar Gabriel,Ortodontia,"0,00",267,,Disjuntor Omar Gabriel,7,0.0,267,Disjuntor Omar Gabriel,07,0.0,vazio,C,A,M?DIA,MANTIDO_MEDIA,codigo_csv vazio para 97 linhas; quando preenchido coincide com CODCONV do SQL operacional
2,,Blinler - C,Ortodontia,"0,00",254,,Blinler - C,7,0.0,254,Blinler - C,07,0.0,vazio,C,A,M?DIA,MANTIDO_MEDIA,codigo_csv vazio para 97 linhas; quando preenchido coincide com CODCONV do SQL operacional
3,,Botão de Nance,Ortodontia,"0,00",255,,Botão de Nance,7,0.0,,,,,vazio,C,D,BLOQUEADA,CONTINUA_BLOQUEADO,codigo_csv vazio para 97 linhas; quando preenchido coincide com CODCONV do SQL operacional
4,,"Bracket (Bracket 0,18"" x 0,25"")",Ortodontia,"0,00",256,,"Bracket (Bracket 0,18"" x 0,25"")",7,0.0,256,"Bracket (Bracket 0,18"" x 0,25"")",07,0.0,vazio,C,A,M?DIA,MANTIDO_MEDIA,codigo_csv vazio para 97 linhas; quando preenchido coincide com CODCONV do SQL operacional
5,,"Bracket (Bracket 0,18"" x 0,30"")",Ortodontia,"0,00",257,,"Bracket (Bracket 0,18"" x 0,30"")",7,0.0,257,"Bracket (Bracket 0,18"" x 0,30"")",07,0.0,vazio,C,A,M?DIA,MANTIDO_MEDIA,codigo_csv vazio para 97 linhas; quando preenchido coincide com CODCONV do SQL operacional
6,,"Bracket (Bracket 0,22"" x 0,28"")",Ortodontia,"0,00",258,,"Bracket (Bracket 0,22"" x 0,28"")",7,0.0,258,"Bracket (Bracket 0,22"" x 0,28"")",07,0.0,vazio,C,A,M?DIA,MANTIDO_MEDIA,codigo_csv vazio para 97 linhas; quando preenchido coincide com CODCONV do SQL operacional
7,,Bracket (Bracket Straight-Wire),Ortodontia,"0,00",259,,Bracket (Bracket Straight-Wire),7,0.0,259,Bracket (Bracket Straight-Wire),07,0.0,vazio,C,A,M?DIA,MANTIDO_MEDIA,codigo_csv vazio para 97 linhas; quando preenchido coincide com CODCONV do SQL operacional
8,,Contenção Fixa Lingual,Ortodontia,"0,00",260,,Contenção Fixa Lingual,7,0.0,,,,,vazio,C,D,BLOQUEADA,CONTINUA_BLOQUEADO,codigo_csv vazio para 97 linhas; quando preenchido coincide com CODCONV do SQL operacional
9,,Contenção móvel - (Placa de acetáto),Ortodontia,"200,00",261,,Contenção móvel - (Placa de acetáto),7,200.0,,,,,vazio,C,D,BLOQUEADA,CONTINUA_BLOQUEADO,codigo_csv vazio para 97 linhas; quando preenchido coincide com CODCONV do SQL operacional
10,,Disjuntor de Hass,Ortodontia,"0,00",262,,Disjuntor de Hass,7,0.0,262,Disjuntor de Hass,07,0.0,vazio,C,A,M?DIA,MANTIDO_MEDIA,codigo_csv vazio para 97 linhas; quando preenchido coincide com CODCONV do SQL operacional
11,,Disjuntor de Hirax,Ortodontia,"0,00",263,,Disjuntor de Hirax,7,0.0,263,Disjuntor de Hirax,07,0.0,vazio,C,A,M?DIA,MANTIDO_MEDIA,codigo_csv vazio para 97 linhas; quando preenchido coincide com CODCONV do SQL operacional
12,,Disjuntor Hirax RC,Ortodontia,"0,00",264,,Disjuntor Hirax RC,7,0.0,264,Disjuntor Hirax RC,07,0.0,vazio,C,A,M?DIA,MANTIDO_MEDIA,codigo_csv vazio para 97 linhas; quando preenchido coincide com CODCONV do SQL operacional
13,,Lip Bumper,Ortodontia,"0,00",280,,Lip Bumper,7,0.0,280,Lip Bumper,07,0.0,vazio,C,A,M?DIA,MANTIDO_MEDIA,codigo_csv vazio para 97 linhas; quando preenchido coincide com CODCONV do SQL operacional
14,,Disjuntor MC Namara com Hirax,Ortodontia,"0,00",266,,Disjuntor MC Namara com Hirax,7,0.0,266,Disjuntor MC Namara com Hirax,07,0.0,vazio,C,A,M?DIA,MANTIDO_MEDIA,codigo_csv vazio para 97 linhas; quando preenchido coincide com CODCONV do SQL operacional
15,,Bionator de Balters - Classe III,Ortodontia,"0,00",251,,Bionator de Balters - Classe III,7,0.0,251,Bionator de Balters - Classe III,07,0.0,vazio,C,A,M?DIA,MANTIDO_MEDIA,codigo_csv vazio para 97 linhas; quando preenchido coincide com CODCONV do SQL operacional
16,,Distabilizador Pendex com Pêndulo,Ortodontia,"0,00",268,,Distabilizador Pendex com Pêndulo,7,0.0,,,,,vazio,C,D,BLOQUEADA,CONTINUA_BLOQUEADO,codigo_csv vazio para 97 linhas; quando preenchido coincide com CODCONV do SQL operacional
17,,Djuntor palatino,Ortodontia,"0,00",269,,Djuntor palatino,7,0.0,269,Djuntor palatino,07,0.0,vazio,C,A,M?DIA,MANTIDO_MEDIA,codigo_csv vazio para 97 linhas; quando preenchido coincide com CODCONV do SQL operacional
18,,Documentação ortodôntica,Ortodontia,"0,00",270,,Documentação ortodôntica,7,0.0,,,,,vazio,C,D,BLOQUEADA,CONTINUA_BLOQUEADO,codigo_csv vazio para 97 linhas; quando preenchido coincide com CODCONV do SQL operacional
19,,Frankel - Classe I,Ortodontia,"0,00",271,,Frankel - Classe I,7,0.0,271,Frankel - Classe I,07,0.0,vazio,C,A,M?DIA,MANTIDO_MEDIA,codigo_csv vazio para 97 linhas; quando preenchido coincide com CODCONV do SQL operacional
20,,Frankel - Classe II,Ortodontia,"0,00",272,,Frankel - Classe II,7,0.0,272,Frankel - Classe II,07,0.0,vazio,C,A,M?DIA,MANTIDO_MEDIA,codigo_csv vazio para 97 linhas; quando preenchido coincide com CODCONV do SQL operacional
21,,Frankel - Classe III,Ortodontia,"0,00",273,,Frankel - Classe III,7,0.0,273,Frankel - Classe III,07,0.0,vazio,C,A,M?DIA,MANTIDO_MEDIA,codigo_csv vazio para 97 linhas; quando preenchido coincide com CODCONV do SQL operacional
22,,Frankel - Mordida Aberta,Ortodontia,"0,00",274,,Frankel - Mordida Aberta,7,0.0,274,Frankel - Mordida Aberta,07,0.0,vazio,C,A,M?DIA,MANTIDO_MEDIA,codigo_csv vazio para 97 linhas; quando preenchido coincide com CODCONV do SQL operacional
23,,Grade palatina fixa,Ortodontia,"0,00",275,,Grade palatina fixa,7,0.0,275,Grade palatina fixa,07,0.0,vazio,C,A,M?DIA,MANTIDO_MEDIA,codigo_csv vazio para 97 linhas; quando preenchido coincide com CODCONV do SQL operacional
24,,Grade palatina móvel,Ortodontia,"0,00",276,,Grade palatina móvel,7,0.0,,,,,vazio,C,D,BLOQUEADA,CONTINUA_BLOQUEADO,codigo_csv vazio para 97 linhas; quando preenchido coincide com CODCONV do SQL operacional
25,,Klammt - Classe I,Ortodontia,"0,00",277,,Klammt - Classe I,7,0.0,277,Klammt - Classe I,07,0.0,vazio,C,A,M?DIA,MANTIDO_MEDIA,codigo_csv vazio para 97 linhas; quando preenchido coincide com CODCONV do SQL operacional
26,,Klammt - Classe II,Ortodontia,"0,00",278,,Klammt - Classe II,7,0.0,278,Klammt - Classe II,07,0.0,vazio,C,A,M?DIA,MANTIDO_MEDIA,codigo_csv vazio para 97 linhas; quando preenchido coincide com CODCONV do SQL operacional
27,,Klammt - Classe III,Ortodontia,"0,00",279,,Klammt - Classe III,7,0.0,279,Klammt - Classe III,07,0.0,vazio,C,A,M?DIA,MANTIDO_MEDIA,codigo_csv vazio para 97 linhas; quando preenchido coincide com CODCONV do SQL operacional
28,,Disjuntor MC Namara - Resina,Ortodontia,"0,00",265,,Disjuntor MC Namara - Resina,7,0.0,265,Disjuntor MC Namara - Resina,07,0.0,vazio,C,A,M?DIA,MANTIDO_MEDIA,codigo_csv vazio para 97 linhas; quando preenchido coincide com CODCONV do SQL operacional
29,,Arco Palatino,Ortodontia,"0,00",237,,Arco Palatino,7,0.0,237,Arco Palatino,07,0.0,vazio,C,A,M?DIA,MANTIDO_MEDIA,codigo_csv vazio para 97 linhas; quando preenchido coincide com CODCONV do SQL operacional
30,,Aparelho Autoligado (Arcada Inferior),Ortodontia,"175,00",223,,Aparelho Autoligado (Arcada Inferior),7,175.0,223,Aparelho Autoligado (Arcada Inferior),07,0.0,vazio,C,A,M?DIA,MANTIDO_MEDIA,codigo_csv vazio para 97 linhas; quando preenchido coincide com CODCONV do SQL operacional
31,,Aparelho Autoligado (Arcada Superior),Ortodontia,"175,00",224,,Aparelho Autoligado (Arcada Superior),7,175.0,224,Aparelho Autoligado (Arcada Superior),07,0.0,vazio,C,A,M?DIA,MANTIDO_MEDIA,codigo_csv vazio para 97 linhas; quando preenchido coincide com CODCONV do SQL operacional
32,,Aparelho de contenção,Ortodontia,"0,00",225,,Aparelho de contenção,7,0.0,,,,,vazio,C,D,BLOQUEADA,CONTINUA_BLOQUEADO,codigo_csv vazio para 97 linhas; quando preenchido coincide com CODCONV do SQL operacional
33,,Aparelho em uma arcada conjugado c/ ap. auxiliar,Ortodontia,"0,00",226,,Aparelho em uma arcada conjugado c/ ap. auxiliar,7,0.0,226,Aparelho em uma arcada conjugado c/ ap. auxiliar,07,0.0,vazio,C,A,M?DIA,MANTIDO_MEDIA,codigo_csv vazio para 97 linhas; quando preenchido coincide com CODCONV do SQL operacional
34,,Aparelho extra bucal,Ortodontia,"0,00",227,,Aparelho extra bucal,7,0.0,227,Aparelho extra bucal,07,0.0,vazio,C,A,M?DIA,MANTIDO_MEDIA,codigo_csv vazio para 97 linhas; quando preenchido coincide com CODCONV do SQL operacional
35,,Aparelho Ortodôntico Estético em Porcelana - (Arcada Inferior),Ortodontia,"150,00",228,,Aparelho Ortodôntico Estético em Porcelana - (Arcada Inferior),7,150.0,,,,,vazio,C,D,BLOQUEADA,CONTINUA_BLOQUEADO,codigo_csv vazio para 97 linhas; quando preenchido coincide com CODCONV do SQL operacional
36,,Aparelho Ortodôntico Estético em Porcelana - (Arcada Superior),Ortodontia,"150,00",229,,Aparelho Ortodôntico Estético em Porcelana - (Arcada Superior),7,150.0,,,,,vazio,C,D,BLOQUEADA,CONTINUA_BLOQUEADO,codigo_csv vazio para 97 linhas; quando preenchido coincide com CODCONV do SQL operacional
37,,Aparelho Ortodôntico Estético em Zafira - (Arcada Inferior),Ortodontia,"0,00",230,,Aparelho Ortodôntico Estético em Zafira - (Arcada Inferior),7,0.0,,,,,vazio,C,D,BLOQUEADA,CONTINUA_BLOQUEADO,codigo_csv vazio para 97 linhas; quando preenchido coincide com CODCONV do SQL operacional
38,,Aparelho Ortodôntico Estético em Zafira - (Arcada Superior),Ortodontia,"0,00",231,,Aparelho Ortodôntico Estético em Zafira - (Arcada Superior),7,0.0,,,,,vazio,C,D,BLOQUEADA,CONTINUA_BLOQUEADO,codigo_csv vazio para 97 linhas; quando preenchido coincide com CODCONV do SQL operacional
39,,Aparelho Ortodôntico Fixo - (Arcada Inferior),Ortodontia,"0,00",232,,Aparelho Ortodôntico Fixo - (Arcada Inferior),7,0.0,,,,,vazio,C,D,BLOQUEADA,CONTINUA_BLOQUEADO,codigo_csv vazio para 97 linhas; quando preenchido coincide com CODCONV do SQL operacional
40,,Aparelho Ortodôntico Fixo - (Arcada Superior),Ortodontia,"0,00",233,,Aparelho Ortodôntico Fixo - (Arcada Superior),7,0.0,,,,,vazio,C,D,BLOQUEADA,CONTINUA_BLOQUEADO,codigo_csv vazio para 97 linhas; quando preenchido coincide com CODCONV do SQL operacional
41,,Aparelho Ortopedico,Ortodontia,"0,00",234,,Aparelho Ortopedico,7,0.0,234,Aparelho Ortopedico,07,0.0,vazio,C,A,M?DIA,MANTIDO_MEDIA,codigo_csv vazio para 97 linhas; quando preenchido coincide com CODCONV do SQL operacional
42,,Blinler - B,Ortodontia,"0,00",253,,Blinler - B,7,0.0,253,Blinler - B,07,0.0,vazio,C,A,M?DIA,MANTIDO_MEDIA,codigo_csv vazio para 97 linhas; quando preenchido coincide com CODCONV do SQL operacional
43,,"Aparelhos auxiliares (extra-oral, ""Bumper"", etc)",Ortodontia,"0,00",236,,"Aparelhos auxiliares (extra-oral, ""Bumper"", etc)",7,0.0,236,"Aparelhos auxiliares (extra-oral, ""Bumper"", etc)",07,0.0,vazio,C,A,M?DIA,MANTIDO_MEDIA,codigo_csv vazio para 97 linhas; quando preenchido coincide com CODCONV do SQL operacional
44,,Blinler - A,Ortodontia,"0,00",252,,Blinler - A,7,0.0,252,Blinler - A,07,0.0,vazio,C,A,M?DIA,MANTIDO_MEDIA,codigo_csv vazio para 97 linhas; quando preenchido coincide com CODCONV do SQL operacional
45,,Ativador de Haulp,Ortodontia,"0,00",238,,Ativador de Haulp,7,0.0,238,Ativador de Haulp,07,0.0,vazio,C,A,M?DIA,MANTIDO_MEDIA,codigo_csv vazio para 97 linhas; quando preenchido coincide com CODCONV do SQL operacional
46,,Ativador de Rossi,Ortodontia,"0,00",239,,Ativador de Rossi,7,0.0,239,Ativador de Rossi,07,0.0,vazio,C,A,M?DIA,MANTIDO_MEDIA,codigo_csv vazio para 97 linhas; quando preenchido coincide com CODCONV do SQL operacional
47,,Ativador de Zurick - Suíça,Ortodontia,"0,00",240,,Ativador de Zurick - Suíça,7,0.0,,,,,vazio,C,D,BLOQUEADA,CONTINUA_BLOQUEADO,codigo_csv vazio para 97 linhas; quando preenchido coincide com CODCONV do SQL operacional
48,,Bandagem (Tubo duplo),Ortodontia,"0,00",242,,Bandagem (Tubo duplo),7,0.0,242,Bandagem (Tubo duplo),07,0.0,vazio,C,A,M?DIA,MANTIDO_MEDIA,codigo_csv vazio para 97 linhas; quando preenchido coincide com CODCONV do SQL operacional
49,,Bandagem (Tubo triplo),Ortodontia,"0,00",244,,Bandagem (Tubo triplo),7,0.0,244,Bandagem (Tubo triplo),07,0.0,vazio,C,A,M?DIA,MANTIDO_MEDIA,codigo_csv vazio para 97 linhas; quando preenchido coincide com CODCONV do SQL operacional
50,,Barra Transpalatina,Ortodontia,"0,00",245,,Barra Transpalatina,7,0.0,245,Barra Transpalatina,07,0.0,vazio,C,A,M?DIA,MANTIDO_MEDIA,codigo_csv vazio para 97 linhas; quando preenchido coincide com CODCONV do SQL operacional
51,,Bi-hélice,Ortodontia,"0,00",246,,Bi-hélice,7,0.0,,,,,vazio,C,D,BLOQUEADA,CONTINUA_BLOQUEADO,codigo_csv vazio para 97 linhas; quando preenchido coincide com CODCONV do SQL operacional
52,,Bio-ajustador - Tecnica MD3,Ortodontia,"0,00",247,,Bio-ajustador - Tecnica MD3,7,0.0,247,Bio-ajustador - Tecnica MD3,07,0.0,vazio,C,A,M?DIA,MANTIDO_MEDIA,codigo_csv vazio para 97 linhas; quando preenchido coincide com CODCONV do SQL operacional
53,,Bionator - Super,Ortodontia,"0,00",248,,Bionator - Super,7,0.0,248,Bionator - Super,07,0.0,vazio,C,A,M?DIA,MANTIDO_MEDIA,codigo_csv vazio para 97 linhas; quando preenchido coincide com CODCONV do SQL operacional
54,,Bionator de Balters - Classe I,Ortodontia,"0,00",249,,Bionator de Balters - Classe I,7,0.0,249,Bionator de Balters - Classe I,07,0.0,vazio,C,A,M?DIA,MANTIDO_MEDIA,codigo_csv vazio para 97 linhas; quando preenchido coincide com CODCONV do SQL operacional
55,,Bionator de Balters - Classe II,Ortodontia,"0,00",250,,Bionator de Balters - Classe II,7,0.0,250,Bionator de Balters - Classe II,07,0.0,vazio,C,A,M?DIA,MANTIDO_MEDIA,codigo_csv vazio para 97 linhas; quando preenchido coincide com CODCONV do SQL operacional
56,,Bandagem (Tubo simples),Ortodontia,"0,00",243,,Bandagem (Tubo simples),7,0.0,243,Bandagem (Tubo simples),07,0.0,vazio,C,A,M?DIA,MANTIDO_MEDIA,codigo_csv vazio para 97 linhas; quando preenchido coincide com CODCONV do SQL operacional
57,,Aparelho removivel,Ortodontia,"150,00",235,,Aparelho removivel,7,150.0,235,Aparelho removivel,07,0.0,vazio,C,A,M?DIA,MANTIDO_MEDIA,codigo_csv vazio para 97 linhas; quando preenchido coincide com CODCONV do SQL operacional
58,,Planas Simples,Ortodontia,"0,00",312,,Planas Simples,7,0.0,312,Planas Simples,07,0.0,vazio,C,A,M?DIA,MANTIDO_MEDIA,codigo_csv vazio para 97 linhas; quando preenchido coincide com CODCONV do SQL operacional
59,,Placa de Hawley invertido,Ortodontia,"0,00",302,,Placa de Hawley invertido,7,0.0,302,Placa de Hawley invertido,07,0.0,vazio,C,A,M?DIA,MANTIDO_MEDIA,codigo_csv vazio para 97 linhas; quando preenchido coincide com CODCONV do SQL operacional
60,,Placa de Mills,Ortodontia,"0,00",303,,Placa de Mills,7,0.0,303,Placa de Mills,07,0.0,vazio,C,A,M?DIA,MANTIDO_MEDIA,codigo_csv vazio para 97 linhas; quando preenchido coincide com CODCONV do SQL operacional
61,,Placa de ocupação lingual,Ortodontia,"0,00",304,,Placa de ocupação lingual,7,0.0,,,,,vazio,C,D,BLOQUEADA,CONTINUA_BLOQUEADO,codigo_csv vazio para 97 linhas; quando preenchido coincide com CODCONV do SQL operacional
62,,Placa de Roberts,Ortodontia,"0,00",305,,Placa de Roberts,7,0.0,305,Placa de Roberts,07,0.0,vazio,C,A,M?DIA,MANTIDO_MEDIA,codigo_csv vazio para 97 linhas; quando preenchido coincide com CODCONV do SQL operacional
63,,Placa dupla de avanço - Piamant,Ortodontia,"0,00",306,,Placa dupla de avanço - Piamant,7,0.0,,,,,vazio,C,D,BLOQUEADA,CONTINUA_BLOQUEADO,codigo_csv vazio para 97 linhas; quando preenchido coincide com CODCONV do SQL operacional
64,,Placa labial ativa,Ortodontia,"0,00",308,,Placa labial ativa,7,0.0,308,Placa labial ativa,07,0.0,vazio,C,A,M?DIA,MANTIDO_MEDIA,codigo_csv vazio para 97 linhas; quando preenchido coincide com CODCONV do SQL operacional
65,,Remoção de aparelho ortodontico fixo.,Ortodontia,"350,00",336,,Remoção de aparelho ortodontico fixo.,7,350.0,,,,,vazio,C,D,BLOQUEADA,CONTINUA_BLOQUEADO,codigo_csv vazio para 97 linhas; quando preenchido coincide com CODCONV do SQL operacional
66,,Placa de Hawley,Ortodontia,"0,00",301,,Placa de Hawley,7,0.0,301,Placa de Hawley,07,0.0,vazio,C,A,M?DIA,MANTIDO_MEDIA,codigo_csv vazio para 97 linhas; quando preenchido coincide com CODCONV do SQL operacional
67,,Planas Compostas,Ortodontia,"0,00",311,,Planas Compostas,7,0.0,311,Planas Compostas,07,0.0,vazio,C,A,M?DIA,MANTIDO_MEDIA,codigo_csv vazio para 97 linhas; quando preenchido coincide com CODCONV do SQL operacional
68,,Placa interceptora de hábito,Ortodontia,"0,00",307,,Placa interceptora de hábito,7,0.0,,,,,vazio,C,D,BLOQUEADA,CONTINUA_BLOQUEADO,codigo_csv vazio para 97 linhas; quando preenchido coincide com CODCONV do SQL operacional
69,,Quadri-hélice,Ortodontia,"0,00",313,,Quadri-hélice,7,0.0,,,,,vazio,C,D,BLOQUEADA,CONTINUA_BLOQUEADO,codigo_csv vazio para 97 linhas; quando preenchido coincide com CODCONV do SQL operacional
70,,Spling Retainer 3/3   4/4,Ortodontia,"0,00",314,,Spling Retainer 3/3   4/4,7,0.0,314,Spling Retainer 3/3 4/4,07,0.0,vazio,C,A,M?DIA,MANTIDO_MEDIA,codigo_csv vazio para 97 linhas; quando preenchido coincide com CODCONV do SQL operacional
71,,Twin Black,Ortodontia,"0,00",315,,Twin Black,7,0.0,315,Twin Black,07,0.0,vazio,C,A,M?DIA,MANTIDO_MEDIA,codigo_csv vazio para 97 linhas; quando preenchido coincide com CODCONV do SQL operacional
72,,"Vilma Simões - SN1, SN2, SN3, SN4, SN5",Ortodontia,"0,00",316,,"Vilma Simões - SN1, SN2, SN3, SN4, SN5",7,0.0,,,,,vazio,C,D,BLOQUEADA,CONTINUA_BLOQUEADO,codigo_csv vazio para 97 linhas; quando preenchido coincide com CODCONV do SQL operacional
73,,"Vilma Simões - SN6, SN7",Ortodontia,"0,00",317,,"Vilma Simões - SN6, SN7",7,0.0,,,,,vazio,C,D,BLOQUEADA,CONTINUA_BLOQUEADO,codigo_csv vazio para 97 linhas; quando preenchido coincide com CODCONV do SQL operacional
74,,Alinhadores Estéticos,Ortodontia,"0,00",323,,Alinhadores Estéticos,7,0.0,,,,,vazio,C,D,BLOQUEADA,CONTINUA_BLOQUEADO,codigo_csv vazio para 97 linhas; quando preenchido coincide com CODCONV do SQL operacional
75,,Bandagem (Tubo bracket),Ortodontia,"0,00",241,,Bandagem (Tubo bracket),7,0.0,241,Bandagem (Tubo bracket),07,0.0,vazio,C,A,M?DIA,MANTIDO_MEDIA,codigo_csv vazio para 97 linhas; quando preenchido coincide com CODCONV do SQL operacional
76,,Mantenedor de espaço,Ortodontia,"0,00",281,,Mantenedor de espaço,7,0.0,,,,,vazio,C,D,BLOQUEADA,CONTINUA_BLOQUEADO,codigo_csv vazio para 97 linhas; quando preenchido coincide com CODCONV do SQL operacional
77,,Placa recuperadora de espaço,Ortodontia,"0,00",310,,Placa recuperadora de espaço,7,0.0,,,,,vazio,C,D,BLOQUEADA,CONTINUA_BLOQUEADO,codigo_csv vazio para 97 linhas; quando preenchido coincide com CODCONV do SQL operacional
78,,Placa com arco de controle dos caninos,Ortodontia,"0,00",292,,Placa com arco de controle dos caninos,7,0.0,292,Placa com arco de controle dos caninos,07,0.0,vazio,C,A,M?DIA,MANTIDO_MEDIA,codigo_csv vazio para 97 linhas; quando preenchido coincide com CODCONV do SQL operacional
79,,Placa mantenedora de espaço.,Ortodontia,"0,00",309,,Placa mantenedora de espaço.,7,0.0,,,,,vazio,C,D,BLOQUEADA,CONTINUA_BLOQUEADO,codigo_csv vazio para 97 linhas; quando preenchido coincide com CODCONV do SQL operacional
80,,Mentoneira,Ortodontia,"0,00",283,,Mentoneira,7,0.0,283,Mentoneira,07,0.0,vazio,C,A,M?DIA,MANTIDO_MEDIA,codigo_csv vazio para 97 linhas; quando preenchido coincide com CODCONV do SQL operacional
81,,Placa de expansão para mordida cruzada,Ortodontia,"0,00",300,,Placa de expansão para mordida cruzada,7,0.0,,,,,vazio,C,D,BLOQUEADA,CONTINUA_BLOQUEADO,codigo_csv vazio para 97 linhas; quando preenchido coincide com CODCONV do SQL operacional
82,,Placa 7/7,Ortodontia,"0,00",286,,Placa 7/7,7,0.0,286,Placa 7/7,07,0.0,vazio,C,A,M?DIA,MANTIDO_MEDIA,codigo_csv vazio para 97 linhas; quando preenchido coincide com CODCONV do SQL operacional
83,,Placa acoplada ao uso de arco extra bucal,Ortodontia,"0,00",287,,Placa acoplada ao uso de arco extra bucal,7,0.0,287,Placa acoplada ao uso de arco extra bucal,07,0.0,vazio,C,A,M?DIA,MANTIDO_MEDIA,codigo_csv vazio para 97 linhas; quando preenchido coincide com CODCONV do SQL operacional
84,,Placa ativa com molas,Ortodontia,"0,00",288,,Placa ativa com molas,7,0.0,288,Placa ativa com molas,07,0.0,vazio,C,A,M?DIA,MANTIDO_MEDIA,codigo_csv vazio para 97 linhas; quando preenchido coincide com CODCONV do SQL operacional
85,,Placa com arco alça dupla para expanção Y,Ortodontia,"0,00",289,,Placa com arco alça dupla para expanção Y,7,0.0,,,,,vazio,C,D,BLOQUEADA,CONTINUA_BLOQUEADO,codigo_csv vazio para 97 linhas; quando preenchido coincide com CODCONV do SQL operacional
86,,Ortopedia funcional dos maxilares,Ortodontia,"0,00",284,,Ortopedia funcional dos maxilares,7,0.0,284,Ortopedia funcional dos maxilares,07,0.0,vazio,C,A,M?DIA,MANTIDO_MEDIA,codigo_csv vazio para 97 linhas; quando preenchido coincide com CODCONV do SQL operacional
87,,Placa com arco de contenção de Baag,Ortodontia,"0,00",291,,Placa com arco de contenção de Baag,7,0.0,,,,,vazio,C,D,BLOQUEADA,CONTINUA_BLOQUEADO,codigo_csv vazio para 97 linhas; quando preenchido coincide com CODCONV do SQL operacional
88,,Palatina ou arco lingual,Ortodontia,"0,00",285,,Palatina ou arco lingual,7,0.0,285,Palatina ou arco lingual,07,0.0,vazio,C,A,M?DIA,MANTIDO_MEDIA,codigo_csv vazio para 97 linhas; quando preenchido coincide com CODCONV do SQL operacional
89,,Placa com arco seccionado para uso elasticos,Ortodontia,"0,00",293,,Placa com arco seccionado para uso elasticos,7,0.0,293,Placa com arco seccionado para uso elasticos,07,0.0,vazio,C,A,M?DIA,MANTIDO_MEDIA,codigo_csv vazio para 97 linhas; quando preenchido coincide com CODCONV do SQL operacional
90,,Placa com plano de mordida inclinado,Ortodontia,"0,00",294,,Placa com plano de mordida inclinado,7,0.0,294,Placa com plano de mordida inclinado,07,0.0,vazio,C,A,M?DIA,MANTIDO_MEDIA,codigo_csv vazio para 97 linhas; quando preenchido coincide com CODCONV do SQL operacional
91,,Manutenção ortodôntico - (Mensal),Ortodontia,"80,00",282,,Manutenção ortodôntico - (Mensal),7,80.0,,,,,vazio,C,D,BLOQUEADA,CONTINUA_BLOQUEADO,codigo_csv vazio para 97 linhas; quando preenchido coincide com CODCONV do SQL operacional
92,,Placa com plano de mordida posterior,Ortodontia,"0,00",295,,Placa com plano de mordida posterior,7,0.0,295,Placa com plano de mordida posterior,07,0.0,vazio,C,A,M?DIA,MANTIDO_MEDIA,codigo_csv vazio para 97 linhas; quando preenchido coincide com CODCONV do SQL operacional
93,,Placa com plano reto anterior,Ortodontia,"0,00",296,,Placa com plano reto anterior,7,0.0,296,Placa com plano reto anterior,07,0.0,vazio,C,A,M?DIA,MANTIDO_MEDIA,codigo_csv vazio para 97 linhas; quando preenchido coincide com CODCONV do SQL operacional
94,,Placa de Apnéia,Ortodontia,"0,00",297,,Placa de Apnéia,7,0.0,,,,,vazio,C,D,BLOQUEADA,CONTINUA_BLOQUEADO,codigo_csv vazio para 97 linhas; quando preenchido coincide com CODCONV do SQL operacional
95,,Placa de ativação mandibular,Ortodontia,"0,00",298,,Placa de ativação mandibular,7,0.0,,,,,vazio,C,D,BLOQUEADA,CONTINUA_BLOQUEADO,codigo_csv vazio para 97 linhas; quando preenchido coincide com CODCONV do SQL operacional
96,,Placa de Eschler,Ortodontia,"0,00",299,,Placa de Eschler,7,0.0,299,Placa de Eschler,07,0.0,vazio,C,A,M?DIA,MANTIDO_MEDIA,codigo_csv vazio para 97 linhas; quando preenchido coincide com CODCONV do SQL operacional
97,,Placa com arco de contenção contínua,Ortodontia,"0,00",290,,Placa com arco de contenção contínua,7,0.0,,,,,vazio,C,D,BLOQUEADA,CONTINUA_BLOQUEADO,codigo_csv vazio para 97 linhas; quando preenchido coincide com CODCONV do SQL operacional
98,1000,Aplicação de Cariostático - (sessão),Prevenção,"0,00",156,1000,Aplicação de Cariostático - (sessão),8,0.0,,,,,CODCONV,C,D,BLOQUEADA,CONTINUA_BLOQUEADO,codigo_csv vazio para 97 linhas; quando preenchido coincide com CODCONV do SQL operacional
99,1010,Aplicação de Flúor Verniz - (por elemento),Prevenção,"200,00",157,1010,Aplicação de Flúor Verniz - (por elemento),8,200.0,,,,,CODCONV,C,D,BLOQUEADA,CONTINUA_BLOQUEADO,codigo_csv vazio para 97 linhas; quando preenchido coincide com CODCONV do SQL operacional
100,1020,Aplicação de Selnate Oclusa Invasivo - (por elemento),Prevenção,"200,00",158,1020,Aplicação de Selnate Oclusa Invasivo - (por elemento),8,200.0,,,,,CODCONV,C,D,BLOQUEADA,CONTINUA_BLOQUEADO,codigo_csv vazio para 97 linhas; quando preenchido coincide com CODCONV do SQL operacional
101,1030,Aplicação Tópica de Flúor,Prevenção,"350,00",159,1030,Aplicação Tópica de Flúor,8,350.0,,,,,CODCONV,C,D,BLOQUEADA,CONTINUA_BLOQUEADO,codigo_csv vazio para 97 linhas; quando preenchido coincide com CODCONV do SQL operacional
102,1040,Controle da Placa Bacteriana - (por sessão),Prevenção,"250,00",160,1040,Controle da Placa Bacteriana - (por sessão),8,250.0,,,,,CODCONV,C,D,BLOQUEADA,CONTINUA_BLOQUEADO,codigo_csv vazio para 97 linhas; quando preenchido coincide com CODCONV do SQL operacional
103,1050,Instrução de Higiene Oral - (I.H.O.),Prevenção,"250,00",161,1050,Instrução de Higiene Oral - (I.H.O.),8,250.0,,,,,CODCONV,C,D,BLOQUEADA,CONTINUA_BLOQUEADO,codigo_csv vazio para 97 linhas; quando preenchido coincide com CODCONV do SQL operacional
104,1060,Profilaxia - (Polimento com taça de borracha),Prevenção,"350,00",162,1060,Profilaxia - (Polimento com taça de borracha),8,350.0,,,,,CODCONV,C,D,BLOQUEADA,CONTINUA_BLOQUEADO,codigo_csv vazio para 97 linhas; quando preenchido coincide com CODCONV do SQL operacional
105,1070,Profilaxia - (Ultrason e Jato de Bicarbonato),Prevenção,"350,00",163,1070,Profilaxia - (Ultrason e Jato de Bicarbonato),8,350.0,1070,Profilaxia - (Ultrason e Jato de Bicarbonato),08,0.0,CODCONV,C,A,M?DIA,MANTIDO_MEDIA,codigo_csv vazio para 97 linhas; quando preenchido coincide com CODCONV do SQL operacional
106,1080,Teste de fluxo salivar,Prevenção,"0,00",164,1080,Teste de fluxo salivar,8,0.0,1080,Teste de fluxo salivar,08,0.0,CODCONV,C,A,M?DIA,MANTIDO_MEDIA,codigo_csv vazio para 97 linhas; quando preenchido coincide com CODCONV do SQL operacional
107,1090,Teste de Risco de Cárie,Prevenção,"0,00",165,1090,Teste de Risco de Cárie,8,0.0,,,,,CODCONV,C,D,BLOQUEADA,CONTINUA_BLOQUEADO,codigo_csv vazio para 97 linhas; quando preenchido coincide com CODCONV do SQL operacional
108,2000,Cimentação de Coroa Total Definitiva,Gerais,"150,00",96,2000,Cimentação de Coroa Total Definitiva,5,150.0,,,,,CODCONV,C,D,BLOQUEADA,CONTINUA_BLOQUEADO,codigo_csv vazio para 97 linhas; quando preenchido coincide com CODCONV do SQL operacional
109,2010,Cimentação de Coroa Total Provisória,Gerais,"150,00",97,2010,Cimentação de Coroa Total Provisória,5,150.0,,,,,CODCONV,C,D,BLOQUEADA,CONTINUA_BLOQUEADO,codigo_csv vazio para 97 linhas; quando preenchido coincide com CODCONV do SQL operacional
110,2011,Cimentação adesiva,Gerais,"200,00",331,2011,Cimentação adesiva,5,200.0,,,,,CODCONV,C,D,BLOQUEADA,CONTINUA_BLOQUEADO,codigo_csv vazio para 97 linhas; quando preenchido coincide com CODCONV do SQL operacional
111,2020,Cimentação de Núcleo Metálico Fundido,Gerais,"150,00",98,2020,Cimentação de Núcleo Metálico Fundido,5,150.0,,,,,CODCONV,C,D,BLOQUEADA,CONTINUA_BLOQUEADO,codigo_csv vazio para 97 linhas; quando preenchido coincide com CODCONV do SQL operacional
112,2030,Cimentação de Prótese Parcial Fixa,Gerais,"300,00",99,2030,Cimentação de Prótese Parcial Fixa,5,300.0,,,,,CODCONV,C,D,BLOQUEADA,CONTINUA_BLOQUEADO,codigo_csv vazio para 97 linhas; quando preenchido coincide com CODCONV do SQL operacional
113,2040,Consulta de adaptação Psicológica,Gerais,"110,00",100,2040,Consulta de adaptação Psicológica,5,110.0,,,,,CODCONV,C,D,BLOQUEADA,CONTINUA_BLOQUEADO,codigo_csv vazio para 97 linhas; quando preenchido coincide com CODCONV do SQL operacional
114,2050,Consulta de Emergência,Gerais,"450,00",101,2050,Consulta de Emergência,5,450.0,,,,,CODCONV,C,D,BLOQUEADA,CONTINUA_BLOQUEADO,codigo_csv vazio para 97 linhas; quando preenchido coincide com CODCONV do SQL operacional
115,2060,"Consulta de Emergência - (Sábado, Domingo e Feriado)",Gerais,"450,00",102,2060,"Consulta de Emergência - (Sábado, Domingo e Feriado)",5,450.0,,,,,CODCONV,C,D,BLOQUEADA,CONTINUA_BLOQUEADO,codigo_csv vazio para 97 linhas; quando preenchido coincide com CODCONV do SQL operacional
116,2070,Consulta de Emergência Noturna - (22:00 às 06:00 hs),Gerais,"450,00",103,2070,Consulta de Emergência Noturna - (22:00 às 06:00 hs),5,450.0,,,,,CODCONV,C,D,BLOQUEADA,CONTINUA_BLOQUEADO,codigo_csv vazio para 97 linhas; quando preenchido coincide com CODCONV do SQL operacional
117,2080,Consulta Inicial para Exame clínico,Gerais,"350,00",104,2080,Consulta Inicial para Exame clínico,5,350.0,,,,,CODCONV,C,D,BLOQUEADA,CONTINUA_BLOQUEADO,codigo_csv vazio para 97 linhas; quando preenchido coincide com CODCONV do SQL operacional
118,2081,Consulta de Reavaliação Clínica,Gerais,"350,00",325,2081,Consulta de Reavaliação Clínica,5,350.0,,,,,CODCONV,C,D,BLOQUEADA,CONTINUA_BLOQUEADO,codigo_csv vazio para 97 linhas; quando preenchido coincide com CODCONV do SQL operacional
119,2090,Curativo,Gerais,"100,00",105,2090,Curativo,5,100.0,2090,Curativo,05,0.0,CODCONV,C,A,M?DIA,MANTIDO_MEDIA,codigo_csv vazio para 97 linhas; quando preenchido coincide com CODCONV do SQL operacional
120,2100,Exame para Perícia Inicial e Final,Gerais,"150,00",106,2100,Exame para Perícia Inicial e Final,5,150.0,,,,,CODCONV,C,D,BLOQUEADA,CONTINUA_BLOQUEADO,codigo_csv vazio para 97 linhas; quando preenchido coincide com CODCONV do SQL operacional
121,2110,Modelo de Estudo - (Superior e Infeiror),Gerais,"110,00",107,2110,Modelo de Estudo - (Superior e Infeiror),5,110.0,2110,Modelo de Estudo - (Superior e Infeiror),07,0.0,CODCONV,C,A,M?DIA,MANTIDO_MEDIA,codigo_csv vazio para 97 linhas; quando preenchido coincide com CODCONV do SQL operacional
122,2111,Foto extra-oral,Gerais,"0,00",334,2111,Foto extra-oral,5,0.0,2111,Foto extra-oral,14,0.0,CODCONV,C,A,M?DIA,MANTIDO_MEDIA,codigo_csv vazio para 97 linhas; quando preenchido coincide com CODCONV do SQL operacional
123,2120,Radiografia Bite-Wing - (inter-proximal),Gerais,"35,00",108,2120,Radiografia Bite-Wing - (inter-proximal),5,35.0,2120,Radiografia Bite-Wing - (inter-proximal),11,0.0,CODCONV,C,A,M?DIA,MANTIDO_MEDIA,codigo_csv vazio para 97 linhas; quando preenchido coincide com CODCONV do SQL operacional
124,2130,Radiografia Oclusal,Gerais,"150,00",109,2130,Radiografia Oclusal,5,150.0,2130,Radiografia Oclusal,11,0.0,CODCONV,C,A,M?DIA,MANTIDO_MEDIA,codigo_csv vazio para 97 linhas; quando preenchido coincide com CODCONV do SQL operacional
125,2140,Radiografia Periapical,Gerais,"35,00",110,2140,Radiografia Periapical,5,35.0,2140,Radiografia Periapical,11,0.0,CODCONV,C,A,M?DIA,MANTIDO_MEDIA,codigo_csv vazio para 97 linhas; quando preenchido coincide com CODCONV do SQL operacional
126,3000,Abertura de implante - (Giro de retalho),Periodontia,"300,00",118,3000,Abertura de implante - (Giro de retalho),4,300.0,3000,Abertura de implante - (Giro de retalho),04,0.0,CODCONV,C,A,M?DIA,MANTIDO_MEDIA,codigo_csv vazio para 97 linhas; quando preenchido coincide com CODCONV do SQL operacional
127,3010,Abertura de implante - (Osteotomia),Periodontia,"300,00",119,3010,Abertura de implante - (Osteotomia),4,300.0,3010,Abertura de implante - (Osteotomia),06,0.0,CODCONV,C,A,M?DIA,MANTIDO_MEDIA,codigo_csv vazio para 97 linhas; quando preenchido coincide com CODCONV do SQL operacional
128,3020,Abertura de implante - (Plastia),Periodontia,"200,00",120,3020,Abertura de implante - (Plastia),4,200.0,3020,Abertura de implante - (Plastia),06,0.0,CODCONV,C,A,M?DIA,MANTIDO_MEDIA,codigo_csv vazio para 97 linhas; quando preenchido coincide com CODCONV do SQL operacional
129,3030,Abertura de implante mand. - (Enxerto Livre),Periodontia,"500,00",121,3030,Abertura de implante mand. - (Enxerto Livre),4,500.0,3030,Abertura de implante mand. - (Enxerto Livre),04,0.0,CODCONV,C,A,M?DIA,MANTIDO_MEDIA,codigo_csv vazio para 97 linhas; quando preenchido coincide com CODCONV do SQL operacional
130,3040,Abertura de implante mand. - (Osteotomia e Livre),Periodontia,"627,00",122,3040,Abertura de implante mand. - (Osteotomia e Livre),4,627.0,3040,Abertura de implante mand. - (Osteotomia e Livre),06,0.0,CODCONV,C,A,M?DIA,MANTIDO_MEDIA,codigo_csv vazio para 97 linhas; quando preenchido coincide com CODCONV do SQL operacional
131,3050,Aumento de Coroa Clínica - (Osteotomia e deslize apical),Periodontia,"450,00",123,3050,Aumento de Coroa Clínica - (Osteotomia e deslize apical),4,450.0,,,,,CODCONV,C,D,BLOQUEADA,CONTINUA_BLOQUEADO,codigo_csv vazio para 97 linhas; quando preenchido coincide com CODCONV do SQL operacional
132,3060,Aumento de Coroa Clínica - (Osteotomia),Periodontia,"315,00",124,3060,Aumento de Coroa Clínica - (Osteotomia),4,315.0,,,,,CODCONV,C,D,BLOQUEADA,CONTINUA_BLOQUEADO,codigo_csv vazio para 97 linhas; quando preenchido coincide com CODCONV do SQL operacional
133,3070,Aumento de Coroa Clínica - (Plastia),Periodontia,"200,00",125,3070,Aumento de Coroa Clínica - (Plastia),4,200.0,,,,,CODCONV,C,D,BLOQUEADA,CONTINUA_BLOQUEADO,codigo_csv vazio para 97 linhas; quando preenchido coincide com CODCONV do SQL operacional
134,3080,Bridectomia,Periodontia,"380,00",126,3080,Bridectomia,4,380.0,3080,Bridectomia,04,0.0,CODCONV,C,A,M?DIA,MANTIDO_MEDIA,codigo_csv vazio para 97 linhas; quando preenchido coincide com CODCONV do SQL operacional
135,3090,Cirurgia para colagem de botão Ortodôntico,Periodontia,"600,00",127,3090,Cirurgia para colagem de botão Ortodôntico,4,600.0,,,,,CODCONV,C,D,BLOQUEADA,CONTINUA_BLOQUEADO,codigo_csv vazio para 97 linhas; quando preenchido coincide com CODCONV do SQL operacional
136,3100,Cirurgia para colagem de botão Ortodôntico com osteotomia,Periodontia,"600,00",128,3100,Cirurgia para colagem de botão Ortodôntico com osteotomia,4,600.0,,,,,CODCONV,C,D,BLOQUEADA,CONTINUA_BLOQUEADO,codigo_csv vazio para 97 linhas; quando preenchido coincide com CODCONV do SQL operacional
137,3110,Cirurgia para Odonto-secção - (por elemento),Periodontia,"350,00",129,3110,Cirurgia para Odonto-secção - (por elemento),4,350.0,,,,,CODCONV,C,D,BLOQUEADA,CONTINUA_BLOQUEADO,codigo_csv vazio para 97 linhas; quando preenchido coincide com CODCONV do SQL operacional
138,3120,Cirurgia para Rizectomia,Periodontia,"350,00",130,3120,Cirurgia para Rizectomia,4,350.0,3120,Cirurgia para Rizectomia,06,0.0,CODCONV,C,A,M?DIA,MANTIDO_MEDIA,codigo_csv vazio para 97 linhas; quando preenchido coincide com CODCONV do SQL operacional
139,3130,Enxerto de conjuntivo / tunelização,Periodontia,"1.500,00",131,3130,Enxerto de conjuntivo / tunelização,4,1500.0,,,,,CODCONV,C,D,BLOQUEADA,CONTINUA_BLOQUEADO,codigo_csv vazio para 97 linhas; quando preenchido coincide com CODCONV do SQL operacional
140,3140,Cirurgia Periodontal a retalho - (1 elemento),Periodontia,"500,00",132,3140,Cirurgia Periodontal a retalho - (1 elemento),4,500.0,3140,Cirurgia Periodontal a retalho - (1 elemento),04,0.0,CODCONV,C,A,M?DIA,MANTIDO_MEDIA,codigo_csv vazio para 97 linhas; quando preenchido coincide com CODCONV do SQL operacional
141,3150,Cirurgia Periodontal a retalho - (por segmento),Periodontia,"500,00",133,3150,Cirurgia Periodontal a retalho - (por segmento),4,500.0,3150,Cirurgia Periodontal a retalho - (por segmento),04,0.0,CODCONV,C,A,M?DIA,MANTIDO_MEDIA,codigo_csv vazio para 97 linhas; quando preenchido coincide com CODCONV do SQL operacional
142,3160,Cunha Distal ou Proximal,Periodontia,"250,00",134,3160,Cunha Distal ou Proximal,4,250.0,3160,Cunha Distal ou Proximal,01,0.0,CODCONV,C,A,M?DIA,MANTIDO_MEDIA,codigo_csv vazio para 97 linhas; quando preenchido coincide com CODCONV do SQL operacional
143,3170,Enxerto de Tecido Conjuntivo,Periodontia,"1.500,00",135,3170,Enxerto de Tecido Conjuntivo,4,1500.0,3170,Enxerto de Tecido Conjuntivo,04,0.0,CODCONV,C,A,M?DIA,MANTIDO_MEDIA,codigo_csv vazio para 97 linhas; quando preenchido coincide com CODCONV do SQL operacional
144,3180,Enxerto Gengival Livre,Periodontia,"1.500,00",136,3180,Enxerto Gengival Livre,4,1500.0,3180,Enxerto Gengival Livre,04,0.0,CODCONV,C,A,M?DIA,MANTIDO_MEDIA,codigo_csv vazio para 97 linhas; quando preenchido coincide com CODCONV do SQL operacional
145,3190,Enxerto Osseo RTG - (Regeneração Tecidual Guiada),Periodontia,"880,00",137,3190,Enxerto Osseo RTG - (Regeneração Tecidual Guiada),4,880.0,,,,,CODCONV,C,D,BLOQUEADA,CONTINUA_BLOQUEADO,codigo_csv vazio para 97 linhas; quando preenchido coincide com CODCONV do SQL operacional
146,3200,Enxerto Pediculado - (por elemento),Periodontia,"350,00",138,3200,Enxerto Pediculado - (por elemento),4,350.0,3200,Enxerto Pediculado - (por elemento),04,0.0,CODCONV,C,A,M?DIA,MANTIDO_MEDIA,codigo_csv vazio para 97 linhas; quando preenchido coincide com CODCONV do SQL operacional
147,3210,Enxerto por Tracionamento de Vestibulo - (por elemento),Periodontia,"250,00",139,3210,Enxerto por Tracionamento de Vestibulo - (por elemento),4,250.0,3210,Enxerto por Tracionamento de Vestibulo - (por elemento),04,0.0,CODCONV,C,A,M?DIA,MANTIDO_MEDIA,codigo_csv vazio para 97 linhas; quando preenchido coincide com CODCONV do SQL operacional
148,3220,Enxerto por Tracionamento de Vestibulo - (por segmento),Periodontia,"450,00",140,3220,Enxerto por Tracionamento de Vestibulo - (por segmento),4,450.0,3220,Enxerto por Tracionamento de Vestibulo - (por segmento),04,0.0,CODCONV,C,A,M?DIA,MANTIDO_MEDIA,codigo_csv vazio para 97 linhas; quando preenchido coincide com CODCONV do SQL operacional
149,3230,Frenectomia labial inferior,Periodontia,"750,00",141,3230,Frenectomia labial inferior,4,750.0,3230,Frenectomia labial inferior,04,0.0,CODCONV,C,A,M?DIA,MANTIDO_MEDIA,codigo_csv vazio para 97 linhas; quando preenchido coincide com CODCONV do SQL operacional
150,3240,Frenectomia labial superior,Periodontia,"750,00",142,3240,Frenectomia labial superior,4,750.0,3240,Frenectomia labial superior,04,0.0,CODCONV,C,A,M?DIA,MANTIDO_MEDIA,codigo_csv vazio para 97 linhas; quando preenchido coincide com CODCONV do SQL operacional
151,3250,Frenotomia Lábial Inferior,Periodontia,"750,00",143,3250,Frenotomia Lábial Inferior,4,750.0,,,,,CODCONV,C,D,BLOQUEADA,CONTINUA_BLOQUEADO,codigo_csv vazio para 97 linhas; quando preenchido coincide com CODCONV do SQL operacional
152,3260,Frenotomia Lábial Superior,Periodontia,"750,00",144,3260,Frenotomia Lábial Superior,4,750.0,,,,,CODCONV,C,D,BLOQUEADA,CONTINUA_BLOQUEADO,codigo_csv vazio para 97 linhas; quando preenchido coincide com CODCONV do SQL operacional
153,3270,Frenotomia Lingual,Periodontia,"750,00",145,3270,Frenotomia Lingual,4,750.0,3270,Frenotomia Lingual,04,0.0,CODCONV,C,A,M?DIA,MANTIDO_MEDIA,codigo_csv vazio para 97 linhas; quando preenchido coincide com CODCONV do SQL operacional
154,3280,Gengivectomia ou Gengivoplastia - (por elemento),Periodontia,"300,00",146,3280,Gengivectomia ou Gengivoplastia - (por elemento),4,300.0,3280,Gengivectomia ou Gengivoplastia - (por elemento),04,0.0,CODCONV,C,A,M?DIA,MANTIDO_MEDIA,codigo_csv vazio para 97 linhas; quando preenchido coincide com CODCONV do SQL operacional
155,3290,Gengivectomia ou Gengivoplastia - (por segmento),Periodontia,"500,00",147,3290,Gengivectomia ou Gengivoplastia - (por segmento),4,500.0,3290,Gengivectomia ou Gengivoplastia - (por segmento),04,0.0,CODCONV,C,A,M?DIA,MANTIDO_MEDIA,codigo_csv vazio para 97 linhas; quando preenchido coincide com CODCONV do SQL operacional
156,3300,Gengivectomia palatina / lingual - (por elemento),Periodontia,"300,00",148,3300,Gengivectomia palatina / lingual - (por elemento),4,300.0,3300,Gengivectomia palatina / lingual - (por elemento),04,0.0,CODCONV,C,A,M?DIA,MANTIDO_MEDIA,codigo_csv vazio para 97 linhas; quando preenchido coincide com CODCONV do SQL operacional
157,3310,Gengivectomia palatina / lingual - (por segmento),Periodontia,"500,00",149,3310,Gengivectomia palatina / lingual - (por segmento),4,500.0,3310,Gengivectomia palatina / lingual - (por segmento),04,0.0,CODCONV,C,A,M?DIA,MANTIDO_MEDIA,codigo_csv vazio para 97 linhas; quando preenchido coincide com CODCONV do SQL operacional
158,3320,Manutenção Periodontal - (por sessão),Periodontia,"110,00",150,3320,Manutenção Periodontal - (por sessão),4,110.0,,,,,CODCONV,C,D,BLOQUEADA,CONTINUA_BLOQUEADO,codigo_csv vazio para 97 linhas; quando preenchido coincide com CODCONV do SQL operacional
159,3330,Raspagem Sub-gengival e Curetagem de bolsa - (por segmento),Periodontia,"500,00",151,3330,Raspagem Sub-gengival e Curetagem de bolsa - (por segmento),4,500.0,3330,Raspagem Sub-gengival e Curetagem de bolsa - (por segmento),04,0.0,CODCONV,C,A,M?DIA,MANTIDO_MEDIA,codigo_csv vazio para 97 linhas; quando preenchido coincide com CODCONV do SQL operacional
160,3340,Raspagem Supra-gengival - (por segmento),Periodontia,"500,00",152,3340,Raspagem Supra-gengival - (por segmento),4,500.0,3340,Raspagem Supra-gengival - (por segmento),04,0.0,CODCONV,C,A,M?DIA,MANTIDO_MEDIA,codigo_csv vazio para 97 linhas; quando preenchido coincide com CODCONV do SQL operacional
161,3350,Remoção de Fatores de Retenção - (por segmento),Periodontia,"150,00",153,3350,Remoção de Fatores de Retenção - (por segmento),4,150.0,,,,,CODCONV,C,D,BLOQUEADA,CONTINUA_BLOQUEADO,codigo_csv vazio para 97 linhas; quando preenchido coincide com CODCONV do SQL operacional
162,3360,Sepultamento Radicular - (por raiz),Periodontia,"450,00",154,3360,Sepultamento Radicular - (por raiz),4,450.0,3360,Sepultamento Radicular - (por raiz),04,0.0,CODCONV,C,A,M?DIA,MANTIDO_MEDIA,codigo_csv vazio para 97 linhas; quando preenchido coincide com CODCONV do SQL operacional
163,3370,Ulectomia,Periodontia,"250,00",155,3370,Ulectomia,4,250.0,3370,Ulectomia,04,0.0,CODCONV,C,A,M?DIA,MANTIDO_MEDIA,codigo_csv vazio para 97 linhas; quando preenchido coincide com CODCONV do SQL operacional
164,4000,Apicectomia em Incisivos com enxerto leofilizado,Endodontia,"1.500,00",68,4000,Apicectomia em Incisivos com enxerto leofilizado,3,1500.0,4000,Apicectomia em Incisivos com enxerto leofilizado,06,0.0,CODCONV,C,A,M?DIA,MANTIDO_MEDIA,codigo_csv vazio para 97 linhas; quando preenchido coincide com CODCONV do SQL operacional
165,4010,Apicectomia em Incisivos com obturação retrógrada,Endodontia,"1.200,00",69,4010,Apicectomia em Incisivos com obturação retrógrada,3,1200.0,,,,,CODCONV,C,D,BLOQUEADA,CONTINUA_BLOQUEADO,codigo_csv vazio para 97 linhas; quando preenchido coincide com CODCONV do SQL operacional
166,4020,Apicectomia em Incisivos curetagem apical,Endodontia,"1.200,00",70,4020,Apicectomia em Incisivos curetagem apical,3,1200.0,4020,Apicectomia em Incisivos curetagem apical,06,0.0,CODCONV,C,A,M?DIA,MANTIDO_MEDIA,codigo_csv vazio para 97 linhas; quando preenchido coincide com CODCONV do SQL operacional
167,4030,Apicectomia em Molares com enxerto leofilizado,Endodontia,"2.000,00",71,4030,Apicectomia em Molares com enxerto leofilizado,3,2000.0,4030,Apicectomia em Molares com enxerto leofilizado,06,0.0,CODCONV,C,A,M?DIA,MANTIDO_MEDIA,codigo_csv vazio para 97 linhas; quando preenchido coincide com CODCONV do SQL operacional
168,4040,Apicectomia em Molares com obturação retrógrada,Endodontia,"2.300,00",72,4040,Apicectomia em Molares com obturação retrógrada,3,2300.0,,,,,CODCONV,C,D,BLOQUEADA,CONTINUA_BLOQUEADO,codigo_csv vazio para 97 linhas; quando preenchido coincide com CODCONV do SQL operacional
169,4050,Apicectomia em Molares curetagem apical,Endodontia,"1.500,00",73,4050,Apicectomia em Molares curetagem apical,3,1500.0,4050,Apicectomia em Molares curetagem apical,06,0.0,CODCONV,C,A,M?DIA,MANTIDO_MEDIA,codigo_csv vazio para 97 linhas; quando preenchido coincide com CODCONV do SQL operacional
170,4060,Apicectomia em Pré-molares com enxerto leofilizado,Endodontia,"1.500,00",74,4060,Apicectomia em Pré-molares com enxerto leofilizado,3,1500.0,,,,,CODCONV,C,D,BLOQUEADA,CONTINUA_BLOQUEADO,codigo_csv vazio para 97 linhas; quando preenchido coincide com CODCONV do SQL operacional
171,4070,Apicectomia em Pré-molares com obturação retrógrada,Endodontia,"1.200,00",75,4070,Apicectomia em Pré-molares com obturação retrógrada,3,1200.0,,,,,CODCONV,C,D,BLOQUEADA,CONTINUA_BLOQUEADO,codigo_csv vazio para 97 linhas; quando preenchido coincide com CODCONV do SQL operacional
172,4080,Apicectomia em Pré-molares curetagem apical,Endodontia,"1.200,00",76,4080,Apicectomia em Pré-molares curetagem apical,3,1200.0,,,,,CODCONV,C,D,BLOQUEADA,CONTINUA_BLOQUEADO,codigo_csv vazio para 97 linhas; quando preenchido coincide com CODCONV do SQL operacional
173,4090,Clareamento Interno,Estética,"1.000,00",77,4090,Clareamento Interno,12,1000.0,4090,Clareamento Interno,,0.0,CODCONV,C,A,M?DIA,MANTIDO_MEDIA,codigo_csv vazio para 97 linhas; quando preenchido coincide com CODCONV do SQL operacional
174,4100,Desobturação de canal,Endodontia,"350,00",78,4100,Desobturação de canal,3,350.0,,,,,CODCONV,C,D,BLOQUEADA,CONTINUA_BLOQUEADO,codigo_csv vazio para 97 linhas; quando preenchido coincide com CODCONV do SQL operacional
175,4110,Preparo para Núcleo intra-radicular,Endodontia,"250,00",79,4110,Preparo para Núcleo intra-radicular,3,250.0,,,,,CODCONV,C,D,BLOQUEADA,CONTINUA_BLOQUEADO,codigo_csv vazio para 97 linhas; quando preenchido coincide com CODCONV do SQL operacional
176,4120,Pulpotomia,Endodontia,"250,00",80,4120,Pulpotomia,3,250.0,4120,Pulpotomia,05,0.0,CODCONV,C,A,M?DIA,MANTIDO_MEDIA,codigo_csv vazio para 97 linhas; quando preenchido coincide com CODCONV do SQL operacional
177,4130,Reimplante dentes avuls. trauma + ap. contenção,Endodontia,"1.200,00",81,4130,Reimplante dentes avuls. trauma + ap. contenção,3,1200.0,,,,,CODCONV,C,D,BLOQUEADA,CONTINUA_BLOQUEADO,codigo_csv vazio para 97 linhas; quando preenchido coincide com CODCONV do SQL operacional
178,4140,Remoção de Coroal Total,Endodontia,"250,00",82,4140,Remoção de Coroal Total,3,250.0,,,,,CODCONV,C,D,BLOQUEADA,CONTINUA_BLOQUEADO,codigo_csv vazio para 97 linhas; quando preenchido coincide com CODCONV do SQL operacional
179,4150,Remoção de núcleo intraradicular,Endodontia,"500,00",83,4150,Remoção de núcleo intraradicular,3,500.0,,,,,CODCONV,C,D,BLOQUEADA,CONTINUA_BLOQUEADO,codigo_csv vazio para 97 linhas; quando preenchido coincide com CODCONV do SQL operacional
180,4160,Retratamento de Canal - (Incisivos),Endodontia,"650,00",84,4160,Retratamento de Canal - (Incisivos),3,650.0,4160,Retratamento de Canal - (Incisivos),03,0.0,CODCONV,C,A,M?DIA,MANTIDO_MEDIA,codigo_csv vazio para 97 linhas; quando preenchido coincide com CODCONV do SQL operacional
181,4170,Retratamento de Canal - (Molares com 4 ou mais condutos),Endodontia,"1.500,00",85,4170,Retratamento de Canal - (Molares com 4 ou mais condutos),3,1500.0,4170,Retratamento de Canal - (Molares com 4 ou mais condutos),,0.0,CODCONV,C,A,M?DIA,MANTIDO_MEDIA,codigo_csv vazio para 97 linhas; quando preenchido coincide com CODCONV do SQL operacional
182,4180,Retratamento de Canal - (Molares),Endodontia,"1.500,00",86,4180,Retratamento de Canal - (Molares),3,1500.0,4180,Retratamento de Canal - (Molares),,0.0,CODCONV,C,A,M?DIA,MANTIDO_MEDIA,codigo_csv vazio para 97 linhas; quando preenchido coincide com CODCONV do SQL operacional
183,4190,Retratamento de Canal - (Pré-molares),Endodontia,"900,00",87,4190,Retratamento de Canal - (Pré-molares),3,900.0,,,,,CODCONV,C,D,BLOQUEADA,CONTINUA_BLOQUEADO,codigo_csv vazio para 97 linhas; quando preenchido coincide com CODCONV do SQL operacional
184,4200,Tratamento cirurgico de lesão endo-perio - (Curetagem),Endodontia,"315,00",88,4200,Tratamento cirurgico de lesão endo-perio - (Curetagem),3,315.0,,,,,CODCONV,C,D,BLOQUEADA,CONTINUA_BLOQUEADO,codigo_csv vazio para 97 linhas; quando preenchido coincide com CODCONV do SQL operacional
185,4210,Tratamento cirurgico de lesão endo-perio com enxerto leofilizado,Endodontia,"627,00",89,4210,Tratamento cirurgico de lesão endo-perio com enxerto leofilizado,3,627.0,,,,,CODCONV,C,D,BLOQUEADA,CONTINUA_BLOQUEADO,codigo_csv vazio para 97 linhas; quando preenchido coincide com CODCONV do SQL operacional
186,4220,Tratamento de Canal - (Incisivos),Endodontia,"500,00",90,4220,Tratamento de Canal - (Incisivos),3,500.0,4220,Tratamento de Canal - (Incisivos),03,0.0,CODCONV,C,A,M?DIA,MANTIDO_MEDIA,codigo_csv vazio para 97 linhas; quando preenchido coincide com CODCONV do SQL operacional
187,4230,Tratamento de Canal - (Molares com mais de 3 condutos),Endodontia,"1.200,00",91,4230,Tratamento de Canal - (Molares com mais de 3 condutos),3,1200.0,4230,Tratamento de Canal - (Molares com mais de 3 condutos),,0.0,CODCONV,C,A,M?DIA,MANTIDO_MEDIA,codigo_csv vazio para 97 linhas; quando preenchido coincide com CODCONV do SQL operacional
188,4240,Tratamento de Canal - (Molares),Endodontia,"1.000,00",92,4240,Tratamento de Canal - (Molares),3,1000.0,4240,Tratamento de Canal - (Molares),,0.0,CODCONV,C,A,M?DIA,MANTIDO_MEDIA,codigo_csv vazio para 97 linhas; quando preenchido coincide com CODCONV do SQL operacional
189,4250,Tratamento de Canal - (Pré-molares),Endodontia,"700,00",93,4250,Tratamento de Canal - (Pré-molares),3,700.0,,,,,CODCONV,C,D,BLOQUEADA,CONTINUA_BLOQUEADO,codigo_csv vazio para 97 linhas; quando preenchido coincide com CODCONV do SQL operacional
190,4260,Tratamento de dentes c/ rizogenese incompleta - (Por sessão),Endodontia,"200,00",94,4260,Tratamento de dentes c/ rizogenese incompleta - (Por sessão),3,200.0,,,,,CODCONV,C,D,BLOQUEADA,CONTINUA_BLOQUEADO,codigo_csv vazio para 97 linhas; quando preenchido coincide com CODCONV do SQL operacional
191,4270,Tratamento de Trepanações / Perfurações,Endodontia,"1.000,00",95,4270,Tratamento de Trepanações / Perfurações,3,1000.0,,,,,CODCONV,C,D,BLOQUEADA,CONTINUA_BLOQUEADO,codigo_csv vazio para 97 linhas; quando preenchido coincide com CODCONV do SQL operacional
192,5000,Adequação de meio bucal,Dentística,"250,00",39,5000,Adequação de meio bucal,1,250.0,,,,,CODCONV,C,D,BLOQUEADA,CONTINUA_BLOQUEADO,codigo_csv vazio para 97 linhas; quando preenchido coincide com CODCONV do SQL operacional
193,5010,Ajuste oclusal - (por sessão),Dentística,"100,00",40,5010,Ajuste oclusal - (por sessão),1,100.0,,,,,CODCONV,C,D,BLOQUEADA,CONTINUA_BLOQUEADO,codigo_csv vazio para 97 linhas; quando preenchido coincide com CODCONV do SQL operacional
194,5020,Capeamento pulpar,Dentística,"150,00",41,5020,Capeamento pulpar,1,150.0,5020,Capeamento pulpar,02,0.0,CODCONV,C,A,M?DIA,MANTIDO_MEDIA,codigo_csv vazio para 97 linhas; quando preenchido coincide com CODCONV do SQL operacional
195,5030,Clareamento - (Caseiro),Estética,"400,00",42,5030,Clareamento - (Caseiro),12,400.0,5030,Clareamento - (Caseiro),,0.0,CODCONV,C,A,M?DIA,MANTIDO_MEDIA,codigo_csv vazio para 97 linhas; quando preenchido coincide com CODCONV do SQL operacional
196,5040,Clareamento - (Laser),Estética,"750,00",43,5040,Clareamento - (Laser),12,750.0,5040,Clareamento - (Laser),01,0.0,CODCONV,C,A,M?DIA,MANTIDO_MEDIA,codigo_csv vazio para 97 linhas; quando preenchido coincide com CODCONV do SQL operacional
197,5050,Clareamento interno - (dentes desvitalizados),Estética,"1.000,00",44,5050,Clareamento interno - (dentes desvitalizados),12,1000.0,5050,Clareamento interno - (dentes desvitalizados),01,0.0,CODCONV,C,A,M?DIA,MANTIDO_MEDIA,codigo_csv vazio para 97 linhas; quando preenchido coincide com CODCONV do SQL operacional
198,5060,Dessensibilização dentária - (por elemento),Dentística,"200,00",45,5060,Dessensibilização dentária - (por elemento),1,200.0,,,,,CODCONV,C,D,BLOQUEADA,CONTINUA_BLOQUEADO,codigo_csv vazio para 97 linhas; quando preenchido coincide com CODCONV do SQL operacional
199,5070,Faceta em resina direta - (Dentes anteriores),Dentística,"750,00",46,5070,Faceta em resina direta - (Dentes anteriores),1,750.0,5070,Faceta em resina direta - (Dentes anteriores),01,0.0,CODCONV,C,A,M?DIA,MANTIDO_MEDIA,codigo_csv vazio para 97 linhas; quando preenchido coincide com CODCONV do SQL operacional
200,5080,Imobilização dentária com resina fotopolimerizável,Dentística,"450,00",47,5080,Imobilização dentária com resina fotopolimerizável,1,450.0,,,,,CODCONV,C,D,BLOQUEADA,CONTINUA_BLOQUEADO,codigo_csv vazio para 97 linhas; quando preenchido coincide com CODCONV do SQL operacional
201,5090,Imobilização dentária (esplintagem),Dentística,"450,00",48,5090,Imobilização dentária (esplintagem),1,450.0,,,,,CODCONV,C,D,BLOQUEADA,CONTINUA_BLOQUEADO,codigo_csv vazio para 97 linhas; quando preenchido coincide com CODCONV do SQL operacional
202,5100,Núcleo de preenchimento em ionômetro de vidro,Dentística,"200,00",50,5100,Núcleo de preenchimento em ionômetro de vidro,1,200.0,,,,,CODCONV,C,D,BLOQUEADA,CONTINUA_BLOQUEADO,codigo_csv vazio para 97 linhas; quando preenchido coincide com CODCONV do SQL operacional
203,5110,Núcleo de preenchimento em resina,Dentística,"250,00",51,5110,Núcleo de preenchimento em resina,1,250.0,,,,,CODCONV,C,D,BLOQUEADA,CONTINUA_BLOQUEADO,codigo_csv vazio para 97 linhas; quando preenchido coincide com CODCONV do SQL operacional
204,5120,Núcleo fibra de vidro,Dentística,"450,00",52,5120,Núcleo fibra de vidro,1,450.0,,,,,CODCONV,C,D,BLOQUEADA,CONTINUA_BLOQUEADO,codigo_csv vazio para 97 linhas; quando preenchido coincide com CODCONV do SQL operacional
205,5121,Núcleo de preenchimento,Dentística,"200,00",49,5121,Núcleo de preenchimento,1,200.0,,,,,CODCONV,C,D,BLOQUEADA,CONTINUA_BLOQUEADO,codigo_csv vazio para 97 linhas; quando preenchido coincide com CODCONV do SQL operacional
206,5130,Núcleo metálico pré-fabricado,Dentística,"250,00",53,5130,Núcleo metálico pré-fabricado,1,250.0,,,,,CODCONV,C,D,BLOQUEADA,CONTINUA_BLOQUEADO,codigo_csv vazio para 97 linhas; quando preenchido coincide com CODCONV do SQL operacional
207,5140,Núcleo rosqueavel - (Roach),Dentística,"450,00",54,5140,Núcleo rosqueavel - (Roach),1,450.0,,,,,CODCONV,C,D,BLOQUEADA,CONTINUA_BLOQUEADO,codigo_csv vazio para 97 linhas; quando preenchido coincide com CODCONV do SQL operacional
208,5150,Polimento e Acabamento,Dentística,"150,00",55,5150,Polimento e Acabamento,1,150.0,5150,Polimento e Acabamento,04,0.0,CODCONV,C,A,M?DIA,MANTIDO_MEDIA,codigo_csv vazio para 97 linhas; quando preenchido coincide com CODCONV do SQL operacional
209,5160,Reconstrução em Resina Direta - (+ de 3 Faces),Dentística,"300,00",56,5160,Reconstrução em Resina Direta - (+ de 3 Faces),1,300.0,,,,,CODCONV,C,D,BLOQUEADA,CONTINUA_BLOQUEADO,codigo_csv vazio para 97 linhas; quando preenchido coincide com CODCONV do SQL operacional
210,5170,Restauração de Amálgama - 1 face,Dentística,"300,00",57,5170,Restauração de Amálgama - 1 face,1,300.0,,,,,CODCONV,C,D,BLOQUEADA,CONTINUA_BLOQUEADO,codigo_csv vazio para 97 linhas; quando preenchido coincide com CODCONV do SQL operacional
211,5180,Restauração de Amálgama - 2 faces,Dentística,"300,00",58,5180,Restauração de Amálgama - 2 faces,1,300.0,,,,,CODCONV,C,D,BLOQUEADA,CONTINUA_BLOQUEADO,codigo_csv vazio para 97 linhas; quando preenchido coincide com CODCONV do SQL operacional
212,5190,Restauração de Amálgama - 3 faces,Dentística,"300,00",59,5190,Restauração de Amálgama - 3 faces,1,300.0,,,,,CODCONV,C,D,BLOQUEADA,CONTINUA_BLOQUEADO,codigo_csv vazio para 97 linhas; quando preenchido coincide com CODCONV do SQL operacional
213,5200,Restauração de ionômero de vidro - classe V,Dentística,"200,00",60,5200,"

Restauração de ionômero de vidro - classe V",1,200.0,,,,,CODCONV,C,D,BLOQUEADA,CONTINUA_BLOQUEADO,codigo_csv vazio para 97 linhas; quando preenchido coincide com CODCONV do SQL operacional
214,5210,Restauração em Resina Direta - (1 Face),Dentística,"350,00",61,5210,Restauração em Resina Direta - (1 Face),1,350.0,,,,,CODCONV,C,D,BLOQUEADA,CONTINUA_BLOQUEADO,codigo_csv vazio para 97 linhas; quando preenchido coincide com CODCONV do SQL operacional
215,5220,Restauração em Resina Direta - (2 Faces),Dentística,"300,00",62,5220,Restauração em Resina Direta - (2 Faces),1,300.0,,,,,CODCONV,C,D,BLOQUEADA,CONTINUA_BLOQUEADO,codigo_csv vazio para 97 linhas; quando preenchido coincide com CODCONV do SQL operacional
216,5230,Restauração em Resina Direta - (3 Faces),Dentística,"300,00",63,5230,Restauração em Resina Direta - (3 Faces),1,300.0,,,,,CODCONV,C,D,BLOQUEADA,CONTINUA_BLOQUEADO,codigo_csv vazio para 97 linhas; quando preenchido coincide com CODCONV do SQL operacional
217,5240,Restauração em Resina Direta - (Classe IV),Dentística,"200,00",64,5240,Restauração em Resina Direta - (Classe IV),1,200.0,,,,,CODCONV,C,D,BLOQUEADA,CONTINUA_BLOQUEADO,codigo_csv vazio para 97 linhas; quando preenchido coincide com CODCONV do SQL operacional
218,5250,Restauração em Resina Direta - (Classe V),Dentística,"350,00",65,5250,Restauração em Resina Direta - (Classe V),1,350.0,,,,,CODCONV,C,D,BLOQUEADA,CONTINUA_BLOQUEADO,codigo_csv vazio para 97 linhas; quando preenchido coincide com CODCONV do SQL operacional
219,5260,Restauração temporária (IRM ou similar),Dentística,"150,00",66,5260,Restauração temporária (IRM ou similar),1,150.0,,,,,CODCONV,C,D,BLOQUEADA,CONTINUA_BLOQUEADO,codigo_csv vazio para 97 linhas; quando preenchido coincide com CODCONV do SQL operacional
220,5270,Tratamento Expectante com H. Cálcio,Dentística,"200,00",67,5270,Tratamento Expectante com H. Cálcio,1,200.0,,,,,CODCONV,C,D,BLOQUEADA,CONTINUA_BLOQUEADO,codigo_csv vazio para 97 linhas; quando preenchido coincide com CODCONV do SQL operacional
221,6000,Alveoloplastia ou alveolotomia - (até 3 elementos),Cirurgia,"0,00",1,6000,Alveoloplastia ou alveolotomia - (até 3 elementos),6,0.0,,,,,CODCONV,C,D,BLOQUEADA,CONTINUA_BLOQUEADO,codigo_csv vazio para 97 linhas; quando preenchido coincide com CODCONV do SQL operacional
222,6010,Alveoloplastica ou alveolotomia - (por sextante),Cirurgia,"0,00",2,6010,Alveoloplastica ou alveolotomia - (por sextante),6,0.0,6010,Alveoloplastica ou alveolotomia - (por sextante),06,0.0,CODCONV,C,A,M?DIA,MANTIDO_MEDIA,codigo_csv vazio para 97 linhas; quando preenchido coincide com CODCONV do SQL operacional
223,6020,Biópsia,Cirurgia,"600,00",3,6020,Biópsia,6,600.0,,,,,CODCONV,C,D,BLOQUEADA,CONTINUA_BLOQUEADO,codigo_csv vazio para 97 linhas; quando preenchido coincide com CODCONV do SQL operacional
224,6030,Cirurgia de Hipertrofia de Lábio,Cirurgia,"0,00",4,6030,Cirurgia de Hipertrofia de Lábio,6,0.0,,,,,CODCONV,C,D,BLOQUEADA,CONTINUA_BLOQUEADO,codigo_csv vazio para 97 linhas; quando preenchido coincide com CODCONV do SQL operacional
225,6040,Cirurgia para Cisto de Desenvolvimento,Cirurgia,"550,00",5,6040,Cirurgia para Cisto de Desenvolvimento,6,550.0,6040,Cirurgia para Cisto de Desenvolvimento,06,0.0,CODCONV,C,A,M?DIA,MANTIDO_MEDIA,codigo_csv vazio para 97 linhas; quando preenchido coincide com CODCONV do SQL operacional
226,6050,Cirurgia para Microstomia,Cirurgia,"0,00",6,6050,Cirurgia para Microstomia,6,0.0,6050,Cirurgia para Microstomia,06,0.0,CODCONV,C,A,M?DIA,MANTIDO_MEDIA,codigo_csv vazio para 97 linhas; quando preenchido coincide com CODCONV do SQL operacional
227,6060,Cirurgia para Osteoma e Odontoma,Cirurgia,"572,00",7,6060,Cirurgia para Osteoma e Odontoma,6,572.0,6060,Cirurgia para Osteoma e Odontoma,06,0.0,CODCONV,C,A,M?DIA,MANTIDO_MEDIA,codigo_csv vazio para 97 linhas; quando preenchido coincide com CODCONV do SQL operacional
228,6070,Cirurgia para torus palatino unilateral,Cirurgia,"374,00",8,6070,Cirurgia para torus palatino unilateral,6,374.0,6070,Cirurgia para torus palatino unilateral,06,0.0,CODCONV,C,A,M?DIA,MANTIDO_MEDIA,codigo_csv vazio para 97 linhas; quando preenchido coincide com CODCONV do SQL operacional
229,6080,Ciurgia para torus mandibular bilateral,Cirurgia,"693,00",9,6080,Ciurgia para torus mandibular bilateral,6,693.0,6080,Ciurgia para torus mandibular bilateral,06,0.0,CODCONV,C,A,M?DIA,MANTIDO_MEDIA,codigo_csv vazio para 97 linhas; quando preenchido coincide com CODCONV do SQL operacional
230,6090,Ciurgia para tórus mandibular unilateral,Cirurgia,"440,00",10,6090,Ciurgia para tórus mandibular unilateral,6,440.0,,,,,CODCONV,C,D,BLOQUEADA,CONTINUA_BLOQUEADO,codigo_csv vazio para 97 linhas; quando preenchido coincide com CODCONV do SQL operacional
231,6100,Cirurgia para torus palatino bilateral,Cirurgia,"693,00",11,6100,Cirurgia para torus palatino bilateral,6,693.0,6100,Cirurgia para torus palatino bilateral,06,0.0,CODCONV,C,A,M?DIA,MANTIDO_MEDIA,codigo_csv vazio para 97 linhas; quando preenchido coincide com CODCONV do SQL operacional
232,6110,Correção de bridas musculares,Cirurgia,"385,00",12,6110,Correção de bridas musculares,6,385.0,,,,,CODCONV,C,D,BLOQUEADA,CONTINUA_BLOQUEADO,codigo_csv vazio para 97 linhas; quando preenchido coincide com CODCONV do SQL operacional
233,6120,Drenagem de abcesso por via intra ou extra-oral,Cirurgia,"500,00",13,6120,Drenagem de abcesso por via intra ou extra-oral,6,500.0,6120,Drenagem de abcesso por via intra ou extra-oral,06,0.0,CODCONV,C,A,M?DIA,MANTIDO_MEDIA,codigo_csv vazio para 97 linhas; quando preenchido coincide com CODCONV do SQL operacional
234,6130,Cirurgia exploratória,Cirurgia,"500,00",14,6130,Cirurgia exploratória,6,500.0,,,,,CODCONV,C,D,BLOQUEADA,CONTINUA_BLOQUEADO,codigo_csv vazio para 97 linhas; quando preenchido coincide com CODCONV do SQL operacional
235,6140,Excisão de glândula parótida,Cirurgia,"605,00",15,6140,Excisão de glândula parótida,6,605.0,,,,,CODCONV,C,D,BLOQUEADA,CONTINUA_BLOQUEADO,codigo_csv vazio para 97 linhas; quando preenchido coincide com CODCONV do SQL operacional
236,6150,Excisão de glândula sublingual,Cirurgia,"605,00",16,6150,Excisão de glândula sublingual,6,605.0,,,,,CODCONV,C,D,BLOQUEADA,CONTINUA_BLOQUEADO,codigo_csv vazio para 97 linhas; quando preenchido coincide com CODCONV do SQL operacional
237,6160,Excisão de glândula submandibular,Cirurgia,"605,00",17,6160,Excisão de glândula submandibular,6,605.0,,,,,CODCONV,C,D,BLOQUEADA,CONTINUA_BLOQUEADO,codigo_csv vazio para 97 linhas; quando preenchido coincide com CODCONV do SQL operacional
238,6170,Excisão de Mucocele,Cirurgia,"800,00",18,6170,Excisão de Mucocele,6,800.0,,,,,CODCONV,C,D,BLOQUEADA,CONTINUA_BLOQUEADO,codigo_csv vazio para 97 linhas; quando preenchido coincide com CODCONV do SQL operacional
239,6180,Excisão de rânula,Cirurgia,"440,00",19,6180,Excisão de rânula,6,440.0,,,,,CODCONV,C,D,BLOQUEADA,CONTINUA_BLOQUEADO,codigo_csv vazio para 97 linhas; quando preenchido coincide com CODCONV do SQL operacional
240,6190,Excisão de tumores odontogênicos até 3 cm,Cirurgia,"748,00",20,6190,Excisão de tumores odontogênicos até 3 cm,6,748.0,,,,,CODCONV,C,D,BLOQUEADA,CONTINUA_BLOQUEADO,codigo_csv vazio para 97 linhas; quando preenchido coincide com CODCONV do SQL operacional
241,6200,Exodontia de decíduos,Cirurgia,"350,00",21,6200,Exodontia de decíduos,6,350.0,,,,,CODCONV,C,D,BLOQUEADA,CONTINUA_BLOQUEADO,codigo_csv vazio para 97 linhas; quando preenchido coincide com CODCONV do SQL operacional
242,6210,Exodontia de incluso,Cirurgia,"800,00",22,6210,Exodontia de incluso,6,800.0,6210,Exodontia de incluso,,0.0,CODCONV,C,A,M?DIA,MANTIDO_MEDIA,codigo_csv vazio para 97 linhas; quando preenchido coincide com CODCONV do SQL operacional
243,6220,Exodontia de incluso impactado,Cirurgia,"800,00",23,6220,Exodontia de incluso impactado,6,800.0,6220,Exodontia de incluso impactado,,0.0,CODCONV,C,A,M?DIA,MANTIDO_MEDIA,codigo_csv vazio para 97 linhas; quando preenchido coincide com CODCONV do SQL operacional
244,6230,Exodontia de raiz residual,Cirurgia,"350,00",24,6230,Exodontia de raiz residual,6,350.0,6230,Exodontia de raiz residual,06,0.0,CODCONV,C,A,M?DIA,MANTIDO_MEDIA,codigo_csv vazio para 97 linhas; quando preenchido coincide com CODCONV do SQL operacional
245,6240,Exodontia de raiz residual com retalho,Cirurgia,"350,00",25,6240,Exodontia de raiz residual com retalho,6,350.0,6240,Exodontia de raiz residual com retalho,,0.0,CODCONV,C,A,M?DIA,MANTIDO_MEDIA,codigo_csv vazio para 97 linhas; quando preenchido coincide com CODCONV do SQL operacional
246,6250,Exodontia de semi-incluso,Cirurgia,"450,00",26,6250,Exodontia de semi-incluso,6,450.0,6250,Exodontia de semi-incluso,,0.0,CODCONV,C,A,M?DIA,MANTIDO_MEDIA,codigo_csv vazio para 97 linhas; quando preenchido coincide com CODCONV do SQL operacional
247,6260,Exodontia + Enxerto + membrana,Cirurgia,"1.100,00",27,6260,Exodontia + Enxerto + membrana,6,1100.0,6260,Exodontia + Enxerto + membrana,06,0.0,CODCONV,C,A,M?DIA,MANTIDO_MEDIA,codigo_csv vazio para 97 linhas; quando preenchido coincide com CODCONV do SQL operacional
248,6270,Exodontia simples - (Anteriores),Cirurgia,"350,00",28,6270,Exodontia simples - (Anteriores),6,350.0,6270,Exodontia simples - (Anteriores),06,0.0,CODCONV,C,A,M?DIA,MANTIDO_MEDIA,codigo_csv vazio para 97 linhas; quando preenchido coincide com CODCONV do SQL operacional
249,6280,Exodontia simples - (Posteriores),Cirurgia,"350,00",29,6280,Exodontia simples - (Posteriores),6,350.0,6280,Exodontia simples - (Posteriores),06,0.0,CODCONV,C,A,M?DIA,MANTIDO_MEDIA,codigo_csv vazio para 97 linhas; quando preenchido coincide com CODCONV do SQL operacional
250,6290,Fraturas alvédio-dentárias - redução cruenta,Cirurgia,"0,00",30,6290,Fraturas alvédio-dentárias - redução cruenta,6,0.0,,,,,CODCONV,C,D,BLOQUEADA,CONTINUA_BLOQUEADO,codigo_csv vazio para 97 linhas; quando preenchido coincide com CODCONV do SQL operacional
251,6300,Marzupialização de cisto,Cirurgia,"440,00",31,6300,Marzupialização de cisto,6,440.0,,,,,CODCONV,C,D,BLOQUEADA,CONTINUA_BLOQUEADO,codigo_csv vazio para 97 linhas; quando preenchido coincide com CODCONV do SQL operacional
252,6310,Reconstrução parcial do lábio traumatizado,Cirurgia,"500,00",32,6310,Reconstrução parcial do lábio traumatizado,6,500.0,,,,,CODCONV,C,D,BLOQUEADA,CONTINUA_BLOQUEADO,codigo_csv vazio para 97 linhas; quando preenchido coincide com CODCONV do SQL operacional
253,6320,Reconstrução total do lábio traumatizado,Cirurgia,"770,00",33,6320,Reconstrução total do lábio traumatizado,6,770.0,,,,,CODCONV,C,D,BLOQUEADA,CONTINUA_BLOQUEADO,codigo_csv vazio para 97 linhas; quando preenchido coincide com CODCONV do SQL operacional
254,6330,Suturas múltiplas da face ou lábio,Cirurgia,"605,00",34,6330,Suturas múltiplas da face ou lábio,6,605.0,,,,,CODCONV,C,D,BLOQUEADA,CONTINUA_BLOQUEADO,codigo_csv vazio para 97 linhas; quando preenchido coincide com CODCONV do SQL operacional
255,6340,Suturas simples da face ou lábio,Cirurgia,"315,00",35,6340,Suturas simples da face ou lábio,6,315.0,,,,,CODCONV,C,D,BLOQUEADA,CONTINUA_BLOQUEADO,codigo_csv vazio para 97 linhas; quando preenchido coincide com CODCONV do SQL operacional
256,6350,Tratamento de alveolite,Cirurgia,"250,00",36,6350,Tratamento de alveolite,6,250.0,6350,Tratamento de alveolite,06,0.0,CODCONV,C,A,M?DIA,MANTIDO_MEDIA,codigo_csv vazio para 97 linhas; quando preenchido coincide com CODCONV do SQL operacional
257,6360,Tratamento de hemorragia,Cirurgia,"315,00",37,6360,Tratamento de hemorragia,6,315.0,6360,Tratamento de hemorragia,06,0.0,CODCONV,C,A,M?DIA,MANTIDO_MEDIA,codigo_csv vazio para 97 linhas; quando preenchido coincide com CODCONV do SQL operacional
258,6370,Tratamento cirúrgico do lábio leporino,Cirurgia,"0,00",38,6370,Tratamento cirúrgico do lábio leporino,6,0.0,,,,,CODCONV,C,D,BLOQUEADA,CONTINUA_BLOQUEADO,codigo_csv vazio para 97 linhas; quando preenchido coincide com CODCONV do SQL operacional
259,7000,Implante - (técnica de Sammers),Implantodontia,"1.540,00",112,7000,Implante - (técnica de Sammers),13,1540.0,,,,,CODCONV,C,D,BLOQUEADA,CONTINUA_BLOQUEADO,codigo_csv vazio para 97 linhas; quando preenchido coincide com CODCONV do SQL operacional
260,7010,Implante (RTG),Implantodontia,"1.980,00",113,7010,Implante (RTG),13,1980.0,7010,Implante (RTG),13,0.0,CODCONV,C,A,M?DIA,MANTIDO_MEDIA,codigo_csv vazio para 97 linhas; quando preenchido coincide com CODCONV do SQL operacional
261,7020,Implante ósseo integrável - Standard,Implantodontia,"1.210,00",116,7020,Implante ósseo integrável - Standard,13,1210.0,,,,,CODCONV,C,D,BLOQUEADA,CONTINUA_BLOQUEADO,codigo_csv vazio para 97 linhas; quando preenchido coincide com CODCONV do SQL operacional
262,7021,Implante ósseo integrável - H. Interno,Implantodontia,"1.540,00",115,7021,Implante ósseo integrável - H. Interno,13,1540.0,,,,,CODCONV,C,D,BLOQUEADA,CONTINUA_BLOQUEADO,codigo_csv vazio para 97 linhas; quando preenchido coincide com CODCONV do SQL operacional
263,7022,Implante ósseo integrável - Cone Morse,Implantodontia,"1.760,00",114,7022,Implante ósseo integrável - Cone Morse,13,1760.0,,,,,CODCONV,C,D,BLOQUEADA,CONTINUA_BLOQUEADO,codigo_csv vazio para 97 linhas; quando preenchido coincide com CODCONV do SQL operacional
264,7023,Implante Cone Morse + Enxerto,Implantodontia,"2.000,00",332,7023,Implante Cone Morse + Enxerto,13,2000.0,7023,Implante Cone Morse + Enxerto,,0.0,CODCONV,C,A,M?DIA,MANTIDO_MEDIA,codigo_csv vazio para 97 linhas; quando preenchido coincide com CODCONV do SQL operacional
265,7030,Remoção de implante,Implantodontia,"500,00",117,7030,Remoção de implante,13,500.0,,,,,CODCONV,C,D,BLOQUEADA,CONTINUA_BLOQUEADO,codigo_csv vazio para 97 linhas; quando preenchido coincide com CODCONV do SQL operacional
266,7040,Enxerto Osseo Particulado + Membrana colageno.,Implantodontia,"1.500,00",111,7040,Enxerto Osseo Particulado + Membrana colageno.,13,1500.0,7040,Enxerto Osseo Particulado + Membrana colageno.,04,0.0,CODCONV,C,A,M?DIA,MANTIDO_MEDIA,codigo_csv vazio para 97 linhas; quando preenchido coincide com CODCONV do SQL operacional
267,7050,Levanto de seio maxilar,Implantodontia,"3.500,00",321,7050,Levanto de seio maxilar,13,3500.0,7050,Levanto de seio maxilar,01,0.0,CODCONV,C,A,M?DIA,MANTIDO_MEDIA,codigo_csv vazio para 97 linhas; quando preenchido coincide com CODCONV do SQL operacional
268,7060,Implante Zigomático,Implantodontia,"3.000,00",326,7060,Implante Zigomático,13,3000.0,,,,,CODCONV,C,D,BLOQUEADA,CONTINUA_BLOQUEADO,codigo_csv vazio para 97 linhas; quando preenchido coincide com CODCONV do SQL operacional
269,7070,Regeneração óssea guiada - ROG,Implantodontia,"5.000,00",337,7070,Regeneração óssea guiada - ROG,13,5000.0,,,,,CODCONV,C,D,BLOQUEADA,CONTINUA_BLOQUEADO,codigo_csv vazio para 97 linhas; quando preenchido coincide com CODCONV do SQL operacional
270,8000,Attachment,Prótese,"1.200,00",166,8000,Attachment,2,1200.0,8000,Attachment,02,0.0,CODCONV,C,A,M?DIA,MANTIDO_MEDIA,codigo_csv vazio para 97 linhas; quando preenchido coincide com CODCONV do SQL operacional
271,8010,Casquete de moldagem,Prótese,"50,00",167,8010,Casquete de moldagem,2,50.0,8010,Casquete de moldagem,02,0.0,CODCONV,C,A,M?DIA,MANTIDO_MEDIA,codigo_csv vazio para 97 linhas; quando preenchido coincide com CODCONV do SQL operacional
272,8020,Conserto de Prótese Total e Parcial,Prótese,"330,00",168,8020,Conserto de Prótese Total e Parcial,2,330.0,,,,,CODCONV,C,D,BLOQUEADA,CONTINUA_BLOQUEADO,codigo_csv vazio para 97 linhas; quando preenchido coincide com CODCONV do SQL operacional
273,8030,Coroa em Resina Prensada,Prótese,"250,00",169,8030,Coroa em Resina Prensada,2,250.0,8030,Coroa em Resina Prensada,02,0.0,CODCONV,C,A,M?DIA,MANTIDO_MEDIA,codigo_csv vazio para 97 linhas; quando preenchido coincide com CODCONV do SQL operacional
274,8040,Coroa em Resina Sinfony,Prótese,"650,00",170,8040,Coroa em Resina Sinfony,2,650.0,8040,Coroa em Resina Sinfony,01,0.0,CODCONV,C,A,M?DIA,MANTIDO_MEDIA,codigo_csv vazio para 97 linhas; quando preenchido coincide com CODCONV do SQL operacional
275,8050,Coroa em Resina sob implante,Prótese,"935,00",171,8050,Coroa em Resina sob implante,2,935.0,8050,Coroa em Resina sob implante,01,0.0,CODCONV,C,A,M?DIA,MANTIDO_MEDIA,codigo_csv vazio para 97 linhas; quando preenchido coincide com CODCONV do SQL operacional
276,8060,Coroa Metal-free - (Cerampress),Prótese,"1.265,00",172,8060,Coroa Metal-free - (Cerampress),2,1265.0,8060,Coroa Metal-free - (Cerampress),02,0.0,CODCONV,C,A,M?DIA,MANTIDO_MEDIA,codigo_csv vazio para 97 linhas; quando preenchido coincide com CODCONV do SQL operacional
277,8070,Coroa Metal-free - (Inceram),Prótese,"1.265,00",173,8070,Coroa Metal-free - (Inceram),2,1265.0,8070,Coroa Metal-free - (Inceram),02,0.0,CODCONV,C,A,M?DIA,MANTIDO_MEDIA,codigo_csv vazio para 97 linhas; quando preenchido coincide com CODCONV do SQL operacional
278,8080,Coroa Metal-free - (Procera),Prótese,"1.375,00",174,8080,Coroa Metal-free - (Procera),2,1375.0,8080,Coroa Metal-free - (Procera),02,0.0,CODCONV,C,A,M?DIA,MANTIDO_MEDIA,codigo_csv vazio para 97 linhas; quando preenchido coincide com CODCONV do SQL operacional
279,8090,Coroa Metal-free - (Zirconia; Sistema CAD/CAM),Prótese,"1.900,00",175,8090,Coroa Metal-free - (Zirconia; Sistema CAD/CAM),2,1900.0,8090,Coroa Metal-free - (Zirconia; Sistema CAD/CAM),02,0.0,CODCONV,C,A,M?DIA,MANTIDO_MEDIA,codigo_csv vazio para 97 linhas; quando preenchido coincide com CODCONV do SQL operacional
280,8100,Coroa Metal-free sob implante - (Cerampress),Prótese,"1.870,00",176,8100,Coroa Metal-free sob implante - (Cerampress),2,1870.0,8100,Coroa Metal-free sob implante - (Cerampress),02,0.0,CODCONV,C,A,M?DIA,MANTIDO_MEDIA,codigo_csv vazio para 97 linhas; quando preenchido coincide com CODCONV do SQL operacional
281,8110,Coroa Metal-free sob implante - (Inceram),Prótese,"1.760,00",177,8110,Coroa Metal-free sob implante - (Inceram),2,1760.0,8110,Coroa Metal-free sob implante - (Inceram),02,0.0,CODCONV,C,A,M?DIA,MANTIDO_MEDIA,codigo_csv vazio para 97 linhas; quando preenchido coincide com CODCONV do SQL operacional
282,8120,Coroa Metal-free sob implante - (Procera),Prótese,"1.870,00",178,8120,Coroa Metal-free sob implante - (Procera),2,1870.0,8120,Coroa Metal-free sob implante - (Procera),02,0.0,CODCONV,C,A,M?DIA,MANTIDO_MEDIA,codigo_csv vazio para 97 linhas; quando preenchido coincide com CODCONV do SQL operacional
283,8130,Coroa Metal-free sob implante - (Zirconia; Sistema CAD/CAM),Prótese,"2.090,00",179,8130,Coroa Metal-free sob implante - (Zirconia; Sistema CAD/CAM),2,2090.0,8130,Coroa Metal-free sob implante - (Zirconia; Sistema CAD/CAM),02,0.0,CODCONV,C,A,M?DIA,MANTIDO_MEDIA,codigo_csv vazio para 97 linhas; quando preenchido coincide com CODCONV do SQL operacional
284,8140,Coroa metalo-cerâmica,Prótese,"1.500,00",180,8140,Coroa metalo-cerâmica,2,1500.0,,,,,CODCONV,C,D,BLOQUEADA,CONTINUA_BLOQUEADO,codigo_csv vazio para 97 linhas; quando preenchido coincide com CODCONV do SQL operacional
285,8150,Coroa Metalo-cerâmica sob implante,Prótese,"2.100,00",181,8150,Coroa Metalo-cerâmica sob implante,2,2100.0,,,,,CODCONV,C,D,BLOQUEADA,CONTINUA_BLOQUEADO,codigo_csv vazio para 97 linhas; quando preenchido coincide com CODCONV do SQL operacional
286,8151,Munhão Universal - CM,Prótese,"385,00",195,8151,Munhão Universal - CM,2,385.0,,,,,CODCONV,C,D,BLOQUEADA,CONTINUA_BLOQUEADO,codigo_csv vazio para 97 linhas; quando preenchido coincide com CODCONV do SQL operacional
287,8160,Coroa Provisória Imediata,Prótese,"350,00",182,8160,Coroa Provisória Imediata,2,350.0,,,,,CODCONV,C,D,BLOQUEADA,CONTINUA_BLOQUEADO,codigo_csv vazio para 97 linhas; quando preenchido coincide com CODCONV do SQL operacional
288,8161,Coroa Provisória de Onlay / Inlay,Prótese,"350,00",183,8161,Coroa Provisória de Onlay / Inlay,2,350.0,,,,,CODCONV,C,D,BLOQUEADA,CONTINUA_BLOQUEADO,codigo_csv vazio para 97 linhas; quando preenchido coincide com CODCONV do SQL operacional
289,8170,Coroa Provisória de Laboratório sob implante,Prótese,"750,00",184,8170,Coroa Provisória de Laboratório sob implante,2,750.0,,,,,CODCONV,C,D,BLOQUEADA,CONTINUA_BLOQUEADO,codigo_csv vazio para 97 linhas; quando preenchido coincide com CODCONV do SQL operacional
290,8171,Coroa Provisória Imediata sob implante,Prótese,"650,00",328,8171,Coroa Provisória Imediata sob implante,2,650.0,,,,,CODCONV,C,D,BLOQUEADA,CONTINUA_BLOQUEADO,codigo_csv vazio para 97 linhas; quando preenchido coincide com CODCONV do SQL operacional
291,8180,Coroa metálica total,Prótese,"715,00",185,8180,Coroa metálica total,2,715.0,,,,,CODCONV,C,D,BLOQUEADA,CONTINUA_BLOQUEADO,codigo_csv vazio para 97 linhas; quando preenchido coincide com CODCONV do SQL operacional
292,8190,Coroa Provisória de Laboratório,Prótese,"500,00",186,8190,Coroa Provisória de Laboratório,2,500.0,,,,,CODCONV,C,D,BLOQUEADA,CONTINUA_BLOQUEADO,codigo_csv vazio para 97 linhas; quando preenchido coincide com CODCONV do SQL operacional
293,8200,Enceramento de diagnóstico - (por elemento),Dentística,"100,00",189,8200,Enceramento de diagnóstico - (por elemento),1,100.0,,,,,CODCONV,C,D,BLOQUEADA,CONTINUA_BLOQUEADO,codigo_csv vazio para 97 linhas; quando preenchido coincide com CODCONV do SQL operacional
294,8210,Enceramento de diagnóstico por elemento sob implante,Prótese,"100,00",190,8210,Enceramento de diagnóstico por elemento sob implante,2,100.0,,,,,CODCONV,C,D,BLOQUEADA,CONTINUA_BLOQUEADO,codigo_csv vazio para 97 linhas; quando preenchido coincide com CODCONV do SQL operacional
295,8220,Faceta em Porcelana,Prótese,"1.900,00",191,8220,Faceta em Porcelana,2,1900.0,8220,Faceta em Porcelana,01,0.0,CODCONV,C,A,M?DIA,MANTIDO_MEDIA,codigo_csv vazio para 97 linhas; quando preenchido coincide com CODCONV do SQL operacional
296,8230,Faceta em Resina Acrilica,Prótese,"1.000,00",192,8230,Faceta em Resina Acrilica,2,1000.0,8230,Faceta em Resina Acrilica,01,0.0,CODCONV,C,A,M?DIA,MANTIDO_MEDIA,codigo_csv vazio para 97 linhas; quando preenchido coincide com CODCONV do SQL operacional
297,8240,Guia Cirurgico,Prótese,"500,00",193,8240,Guia Cirurgico,2,500.0,8240,Guia Cirurgico,02,0.0,CODCONV,C,A,M?DIA,MANTIDO_MEDIA,codigo_csv vazio para 97 linhas; quando preenchido coincide com CODCONV do SQL operacional
298,8250,Jig ou Front-Platô,Prótese,"350,00",194,8250,Jig ou Front-Platô,2,350.0,,,,,CODCONV,C,D,BLOQUEADA,CONTINUA_BLOQUEADO,codigo_csv vazio para 97 linhas; quando preenchido coincide com CODCONV do SQL operacional
299,8260,Núcleo Metálico-fundido,Prótese,"450,00",197,8260,Núcleo Metálico-fundido,2,450.0,,,,,CODCONV,C,D,BLOQUEADA,CONTINUA_BLOQUEADO,codigo_csv vazio para 97 linhas; quando preenchido coincide com CODCONV do SQL operacional
300,8261,Núcleo Metálico fundido bi-partido,Prótese,"450,00",335,8261,Núcleo Metálico fundido bi-partido,2,450.0,,,,,CODCONV,C,D,BLOQUEADA,CONTINUA_BLOQUEADO,codigo_csv vazio para 97 linhas; quando preenchido coincide com CODCONV do SQL operacional
301,8270,Núcleo Metal-free estético,Prótese,"450,00",196,8270,Núcleo Metal-free estético,2,450.0,,,,,CODCONV,C,D,BLOQUEADA,CONTINUA_BLOQUEADO,codigo_csv vazio para 97 linhas; quando preenchido coincide com CODCONV do SQL operacional
302,8290,Placa de mordida miorrelaxante,Prótese,"350,00",199,8290,Placa de mordida miorrelaxante,2,350.0,8290,Placa de mordida miorrelaxante,07,0.0,CODCONV,C,A,M?DIA,MANTIDO_MEDIA,codigo_csv vazio para 97 linhas; quando preenchido coincide com CODCONV do SQL operacional
303,8291,Protetor bucal Playsafe,Prótese,"700,00",216,8291,Protetor bucal Playsafe,2,700.0,8291,Protetor bucal Playsafe,07,0.0,CODCONV,C,A,M?DIA,MANTIDO_MEDIA,codigo_csv vazio para 97 linhas; quando preenchido coincide com CODCONV do SQL operacional
304,8292,Protetor bucal Playsafe Personalizado,Prótese,"950,00",320,8292,Protetor bucal Playsafe Personalizado,2,950.0,8292,Protetor bucal Playsafe Personalizado,07,0.0,CODCONV,C,A,M?DIA,MANTIDO_MEDIA,codigo_csv vazio para 97 linhas; quando preenchido coincide com CODCONV do SQL operacional
305,8300,Placa para Bruxismo Acrílica,Prótese,"550,00",200,8300,Placa para Bruxismo Acrílica,2,550.0,,,,,CODCONV,C,D,BLOQUEADA,CONTINUA_BLOQUEADO,codigo_csv vazio para 97 linhas; quando preenchido coincide com CODCONV do SQL operacional
306,8305,Placa para Bruxismo Mista - (Erkoflex),Prótese,"1.000,00",201,8305,Placa para Bruxismo Mista - (Erkoflex),2,1000.0,8305,Placa para Bruxismo Mista - (Erkoflex),07,0.0,CODCONV,C,A,M?DIA,MANTIDO_MEDIA,codigo_csv vazio para 97 linhas; quando preenchido coincide com CODCONV do SQL operacional
307,8310,Placa para Clareamento,Prótese,"250,00",202,8310,Placa para Clareamento,2,250.0,8310,Placa para Clareamento,07,0.0,CODCONV,C,A,M?DIA,MANTIDO_MEDIA,codigo_csv vazio para 97 linhas; quando preenchido coincide com CODCONV do SQL operacional
308,8315,Placa para Ortose,Prótese,"660,00",318,8315,Placa para Ortose,2,660.0,8315,Placa para Ortose,07,0.0,CODCONV,C,A,M?DIA,MANTIDO_MEDIA,codigo_csv vazio para 97 linhas; quando preenchido coincide com CODCONV do SQL operacional
309,8320,Prótese Parcial Fixa Adesiva Metal-free,Prótese,"1.500,00",203,8320,Prótese Parcial Fixa Adesiva Metal-free,2,1500.0,,,,,CODCONV,C,D,BLOQUEADA,CONTINUA_BLOQUEADO,codigo_csv vazio para 97 linhas; quando preenchido coincide com CODCONV do SQL operacional
310,8330,Prótese Parcial Fixa Acrilica sob Implante,Prótese,"1.200,00",204,8330,Prótese Parcial Fixa Acrilica sob Implante,2,1200.0,,,,,CODCONV,C,D,BLOQUEADA,CONTINUA_BLOQUEADO,codigo_csv vazio para 97 linhas; quando preenchido coincide com CODCONV do SQL operacional
311,8340,Prótese Parcial Fixa Metalo-cerâmica - (1 Pôntico),Prótese,"1.500,00",205,8340,Prótese Parcial Fixa Metalo-cerâmica - (1 Pôntico),2,1500.0,,,,,CODCONV,C,D,BLOQUEADA,CONTINUA_BLOQUEADO,codigo_csv vazio para 97 linhas; quando preenchido coincide com CODCONV do SQL operacional
312,8350,Prótese Parcial Fixa Metalo-cerâmica - (2 Pônticos),Prótese,"3.960,00",206,8350,Prótese Parcial Fixa Metalo-cerâmica - (2 Pônticos),2,3960.0,,,,,CODCONV,C,D,BLOQUEADA,CONTINUA_BLOQUEADO,codigo_csv vazio para 97 linhas; quando preenchido coincide com CODCONV do SQL operacional
313,8360,Prótese Parcial Fixa Metalo-plastica - (1 Pôntico),Prótese,"3.000,00",207,8360,Prótese Parcial Fixa Metalo-plastica - (1 Pôntico),2,3000.0,,,,,CODCONV,C,D,BLOQUEADA,CONTINUA_BLOQUEADO,codigo_csv vazio para 97 linhas; quando preenchido coincide com CODCONV do SQL operacional
314,8361,Prótese Parcial Fixa Metalo-plastica - (2 Pônticos),Prótese,"3.000,00",208,8361,Prótese Parcial Fixa Metalo-plastica - (2 Pônticos),2,3000.0,,,,,CODCONV,C,D,BLOQUEADA,CONTINUA_BLOQUEADO,codigo_csv vazio para 97 linhas; quando preenchido coincide com CODCONV do SQL operacional
315,8370,Prótese Parcial Fixa Provisória - (1 Pôntico),Prótese,"650,00",209,8370,Prótese Parcial Fixa Provisória - (1 Pôntico),2,650.0,,,,,CODCONV,C,D,BLOQUEADA,CONTINUA_BLOQUEADO,codigo_csv vazio para 97 linhas; quando preenchido coincide com CODCONV do SQL operacional
316,8380,Prótese Parcial Removível - (Importada)  /  (por arcada),Prótese,"2.200,00",210,8380,Prótese Parcial Removível - (Importada)  /  (por arcada),2,2200.0,,,,,CODCONV,C,D,BLOQUEADA,CONTINUA_BLOQUEADO,codigo_csv vazio para 97 linhas; quando preenchido coincide com CODCONV do SQL operacional
317,8390,Prótese Parcial Removível - (por arcada),Prótese,"1.500,00",211,8390,Prótese Parcial Removível - (por arcada),2,1500.0,,,,,CODCONV,C,D,BLOQUEADA,CONTINUA_BLOQUEADO,codigo_csv vazio para 97 linhas; quando preenchido coincide com CODCONV do SQL operacional
318,8400,Prótese Parcial Removível Provisória - (por arcada),Prótese,"650,00",212,8400,Prótese Parcial Removível Provisória - (por arcada),2,650.0,,,,,CODCONV,C,D,BLOQUEADA,CONTINUA_BLOQUEADO,codigo_csv vazio para 97 linhas; quando preenchido coincide com CODCONV do SQL operacional
319,8410,Prótese Total - (Importada) / (por arcada),Prótese,"2.750,00",213,8410,Prótese Total - (Importada) / (por arcada),2,2750.0,,,,,CODCONV,C,D,BLOQUEADA,CONTINUA_BLOQUEADO,codigo_csv vazio para 97 linhas; quando preenchido coincide com CODCONV do SQL operacional
320,8420,Prótese Total - (por arcada),Prótese,"1.650,00",214,8420,Prótese Total - (por arcada),2,1650.0,,,,,CODCONV,C,D,BLOQUEADA,CONTINUA_BLOQUEADO,codigo_csv vazio para 97 linhas; quando preenchido coincide com CODCONV do SQL operacional
321,8430,Prótese Total Imediada - (por arcada),Prótese,"1.210,00",215,8430,Prótese Total Imediada - (por arcada),2,1210.0,,,,,CODCONV,C,D,BLOQUEADA,CONTINUA_BLOQUEADO,codigo_csv vazio para 97 linhas; quando preenchido coincide com CODCONV do SQL operacional
322,8440,Prótese Protocolo,Prótese,"10.000,00",217,8440,Prótese Protocolo,2,10000.0,,,,,CODCONV,C,D,BLOQUEADA,CONTINUA_BLOQUEADO,codigo_csv vazio para 97 linhas; quando preenchido coincide com CODCONV do SQL operacional
323,8450,Reembasamento de Coroa Provisória,Prótese,"150,00",218,8450,Reembasamento de Coroa Provisória,2,150.0,,,,,CODCONV,C,D,BLOQUEADA,CONTINUA_BLOQUEADO,codigo_csv vazio para 97 linhas; quando preenchido coincide com CODCONV do SQL operacional
324,8460,Reembasamento Prótese Total ou Parcial,Prótese,"350,00",219,8460,Reembasamento Prótese Total ou Parcial,2,350.0,,,,,CODCONV,C,D,BLOQUEADA,CONTINUA_BLOQUEADO,codigo_csv vazio para 97 linhas; quando preenchido coincide com CODCONV do SQL operacional
325,8470,Restauração Metálica Fundida - RMF,Prótese,"700,00",220,8470,Restauração Metálica Fundida - RMF,2,700.0,,,,,CODCONV,C,D,BLOQUEADA,CONTINUA_BLOQUEADO,codigo_csv vazio para 97 linhas; quando preenchido coincide com CODCONV do SQL operacional
326,8480,Restauração Onlay / Inlay em Porcelana,Prótese,"1.200,00",221,8480,Restauração Onlay / Inlay em Porcelana,2,1200.0,,,,,CODCONV,C,D,BLOQUEADA,CONTINUA_BLOQUEADO,codigo_csv vazio para 97 linhas; quando preenchido coincide com CODCONV do SQL operacional
327,8481,E-MAX - Restauração Onlay / Inlay em Dissilicato de lítio,Prótese,"2.300,00",188,8481,E-MAX - Restauração Onlay / Inlay em Dissilicato de lítio,2,2300.0,,,,,CODCONV,C,D,BLOQUEADA,CONTINUA_BLOQUEADO,codigo_csv vazio para 97 linhas; quando preenchido coincide com CODCONV do SQL operacional
328,8482,E-MAX - Jaqueta pura em dissilicato,Prótese,"2.300,00",333,8482,E-MAX - Jaqueta pura em dissilicato,2,2300.0,8482,E-MAX - Jaqueta pura em dissilicato,01,0.0,CODCONV,C,A,M?DIA,MANTIDO_MEDIA,codigo_csv vazio para 97 linhas; quando preenchido coincide com CODCONV do SQL operacional
329,8490,Restauração Onlay / Inlay em Ceromero,Prótese,"1.000,00",222,8490,Restauração Onlay / Inlay em Ceromero,2,1000.0,,,,,CODCONV,C,D,BLOQUEADA,CONTINUA_BLOQUEADO,codigo_csv vazio para 97 linhas; quando preenchido coincide com CODCONV do SQL operacional
330,8500,E-MAX - Lente de contato,Prótese,"2.300,00",187,8500,E-MAX - Lente de contato,2,2300.0,8500,E-MAX - Lente de contato,02,0.0,CODCONV,C,A,M?DIA,MANTIDO_MEDIA,codigo_csv vazio para 97 linhas; quando preenchido coincide com CODCONV do SQL operacional
331,9000,Micro-agulhamento (Derma Roller),Harmonização Facial,"600,00",319,9000,Micro-agulhamento (Derma Roller),14,600.0,9000,Micro-agulhamento (Derma Roller),14,0.0,CODCONV,C,A,M?DIA,MANTIDO_MEDIA,codigo_csv vazio para 97 linhas; quando preenchido coincide com CODCONV do SQL operacional
332,9010,Botox,Harmonização Facial,"1.200,00",322,9010,Botox,14,1200.0,9010,Botox,14,0.0,CODCONV,C,A,M?DIA,MANTIDO_MEDIA,codigo_csv vazio para 97 linhas; quando preenchido coincide com CODCONV do SQL operacional
333,9020,Preenchimento,Harmonização Facial,"2.000,00",324,9020,Preenchimento,14,2000.0,9020,Preenchimento,14,0.0,CODCONV,C,A,M?DIA,MANTIDO_MEDIA,codigo_csv vazio para 97 linhas; quando preenchido coincide com CODCONV do SQL operacional
334,9030,Lipo de papada,Harmonização Facial,"2.000,00",327,9030,Lipo de papada,14,2000.0,9030,Lipo de papada,14,0.0,CODCONV,C,A,M?DIA,MANTIDO_MEDIA,codigo_csv vazio para 97 linhas; quando preenchido coincide com CODCONV do SQL operacional
335,9040,Fios de sustentação,Harmonização Facial,"1.200,00",329,9040,Fios de sustentação,14,1200.0,,,,,CODCONV,C,D,BLOQUEADA,CONTINUA_BLOQUEADO,codigo_csv vazio para 97 linhas; quando preenchido coincide com CODCONV do SQL operacional
336,9050,Bichectomia,Harmonização Facial,"1.200,00",330,9050,Bichectomia,14,1200.0,9050,Bichectomia,14,0.0,CODCONV,C,A,M?DIA,MANTIDO_MEDIA,codigo_csv vazio para 97 linhas; quando preenchido coincide com CODCONV do SQL operacional
